/*
Navicat MySQL Data Transfer

Source Server         : 192.168.25.201
Source Server Version : 50635
Source Host           : 192.168.25.201:3306
Source Database       : rc_pay_dubbo_base

Target Server Type    : MYSQL
Target Server Version : 50635
File Encoding         : 65001

Date: 2018-03-30 16:46:38
*/

SET FOREIGN_KEY_CHECKS=0;

-- ----------------------------
-- Table structure for rp_notify_record
-- ----------------------------
DROP TABLE IF EXISTS `rp_notify_record`;
CREATE TABLE `rp_notify_record` (
  `id` varchar(50) NOT NULL DEFAULT '' COMMENT '主键ID',
  `version` int(11) NOT NULL DEFAULT '0' COMMENT '版本号',
  `create_time` datetime NOT NULL DEFAULT '0000-00-00 00:00:00' COMMENT '创建时间',
  `edit_time` datetime DEFAULT NULL COMMENT '最后修改时间',
  `notify_rule` varchar(255) DEFAULT NULL COMMENT '通知规则（单位:分钟）',
  `notify_times` int(11) NOT NULL DEFAULT '0' COMMENT '已通知次数',
  `limit_notify_times` int(11) NOT NULL DEFAULT '0' COMMENT '最大通知次数限制',
  `url` varchar(2000) NOT NULL DEFAULT '' COMMENT '通知请求链接（包含通知内容）',
  `merchant_order_no` varchar(50) NOT NULL DEFAULT '' COMMENT '商户订单号',
  `merchant_no` varchar(50) NOT NULL DEFAULT '' COMMENT '商户编号',
  `status` varchar(50) NOT NULL DEFAULT '' COMMENT '通知状态（对应枚举值）',
  `notify_type` varchar(30) DEFAULT NULL COMMENT '通知类型',
  PRIMARY KEY (`id`),
  KEY `AK_KEY_2` (`merchant_order_no`)
) ENGINE=InnoDB DEFAULT CHARSET=utf8 COMMENT='通知记录表 RP_NOTIFY_RECORD';

-- ----------------------------
-- Records of rp_notify_record
-- ----------------------------
INSERT INTO `rp_notify_record` VALUES ('09ee8c5ac9234e1d8596b27dc73ea19b', '5', '2017-12-28 23:31:50', '2017-12-28 23:45:51', '{1:0,2:1,3:2,4:3,5:4}', '5', '5', 'http://192.168.25.204:8083/roncoo-pay-web-sample-shop/roncooPayNotify/notify?field1=field1&field2=field2&field3=field3&field4=field4&field5=field5&orderDate=20180329&orderNo=pt102018032915075004&orderPrice=10.000000&orderTime=20180329150750&payKey=4c52295065654407b42797cda80dd07d&payWayCode=TEST_PAY_HTTP_CLIENT&productName=SHANGPINGMINGCHENG&remark=ZHIFUBEIZHU&tradeStatus=SUCCESS&sign=FC502CCBF62B6624662A6B2EC53B1DC3', 'pt102018032915075004', '88882016071900000003', 'SUCCESS', 'MERCHANT');
INSERT INTO `rp_notify_record` VALUES ('14c0dca445df49bf953a7a8dcc4204e0', '5', '2017-12-28 23:31:53', '2017-12-28 23:45:51', '{1:0,2:1,3:2,4:3,5:4}', '5', '5', 'http://192.168.25.204:8083/roncoo-pay-web-sample-shop/roncooPayNotify/notify?field1=field1&field2=field2&field3=field3&field4=field4&field5=field5&orderDate=20180329&orderNo=pt1020180329150754010&orderPrice=10.000000&orderTime=20180329150754&payKey=4c52295065654407b42797cda80dd07d&payWayCode=TEST_PAY_HTTP_CLIENT&productName=SHANGPINGMINGCHENG&remark=ZHIFUBEIZHU&tradeStatus=SUCCESS&sign=FB3BCC07061D444C9933BD4FBBCE45E2', 'pt1020180329150754010', '88882016071900000003', 'SUCCESS', 'MERCHANT');
INSERT INTO `rp_notify_record` VALUES ('2bfa3bb705e046b98815c6802baa2a99', '5', '2017-12-28 23:31:52', '2017-12-28 23:45:51', '{1:0,2:1,3:2,4:3,5:4}', '5', '5', 'http://192.168.25.204:8083/roncoo-pay-web-sample-shop/roncooPayNotify/notify?field1=field1&field2=field2&field3=field3&field4=field4&field5=field5&orderDate=20180329&orderNo=pt112018032915075207&orderPrice=10.000000&orderTime=20180329150752&payKey=abcf900288114d5fa7fde764966eb2ff&payWayCode=TEST_PAY_HTTP_CLIENT&productName=SHANGPINGMINGCHENG&remark=ZHIFUBEIZHU&tradeStatus=SUCCESS&sign=33B043C4F1E971EA23C7A9DEF22FBAF8', 'pt112018032915075207', '88882016072200000005', 'SUCCESS', 'MERCHANT');
INSERT INTO `rp_notify_record` VALUES ('2d71d9c33c0740f1bae794de3c293f4e', '5', '2017-12-28 23:31:48', '2017-12-28 23:45:51', '{1:0,2:1,3:2,4:3,5:4}', '5', '5', 'http://192.168.25.204:8083/roncoo-pay-web-sample-shop/roncooPayNotify/notify?field1=field1&field2=field2&field3=field3&field4=field4&field5=field5&orderDate=20180329&orderNo=pt102018032915074700&orderPrice=10.000000&orderTime=20180329150747&payKey=4c52295065654407b42797cda80dd07d&payWayCode=TEST_PAY_HTTP_CLIENT&productName=SHANGPINGMINGCHENG&remark=ZHIFUBEIZHU&tradeStatus=SUCCESS&sign=9C91354FA0C9DA6CFFA10612F59C5185', 'pt102018032915074700', '88882016071900000003', 'SUCCESS', 'MERCHANT');
INSERT INTO `rp_notify_record` VALUES ('31bcb1b01493474ebe8da8a273f3a46c', '5', '2017-12-28 23:31:48', '2017-12-28 23:45:51', '{1:0,2:1,3:2,4:3,5:4}', '5', '5', 'http://192.168.25.204:8083/roncoo-pay-web-sample-shop/roncooPayNotify/notify?field1=field1&field2=field2&field3=field3&field4=field4&field5=field5&orderDate=20180329&orderNo=pt112018032915074801&orderPrice=10.000000&orderTime=20180329150748&payKey=abcf900288114d5fa7fde764966eb2ff&payWayCode=TEST_PAY_HTTP_CLIENT&productName=SHANGPINGMINGCHENG&remark=ZHIFUBEIZHU&tradeStatus=SUCCESS&sign=8C6440EA984C82981860E59ABF8D2994', 'pt112018032915074801', '88882016072200000005', 'SUCCESS', 'MERCHANT');
INSERT INTO `rp_notify_record` VALUES ('3548080bc0e944e58d494bb5bacd8e08', '5', '2017-12-28 23:31:49', '2017-12-28 23:45:51', '{1:0,2:1,3:2,4:3,5:4}', '5', '5', 'http://192.168.25.204:8083/roncoo-pay-web-sample-shop/roncooPayNotify/notify?field1=field1&field2=field2&field3=field3&field4=field4&field5=field5&orderDate=20180329&orderNo=pt102018032915074902&orderPrice=10.000000&orderTime=20180329150749&payKey=4c52295065654407b42797cda80dd07d&payWayCode=TEST_PAY_HTTP_CLIENT&productName=SHANGPINGMINGCHENG&remark=ZHIFUBEIZHU&tradeStatus=SUCCESS&sign=9043464E93EE258FE2DF207275128233', 'pt102018032915074902', '88882016071900000003', 'SUCCESS', 'MERCHANT');
INSERT INTO `rp_notify_record` VALUES ('398347bc7a68485e95bd0bbca4316556', '5', '2017-12-28 23:31:49', '2017-12-28 23:45:51', '{1:0,2:1,3:2,4:3,5:4}', '5', '5', 'http://192.168.25.204:8083/roncoo-pay-web-sample-shop/roncooPayNotify/notify?field1=field1&field2=field2&field3=field3&field4=field4&field5=field5&orderDate=20180329&orderNo=pt112018032915074902&orderPrice=10.000000&orderTime=20180329150749&payKey=abcf900288114d5fa7fde764966eb2ff&payWayCode=TEST_PAY_HTTP_CLIENT&productName=SHANGPINGMINGCHENG&remark=ZHIFUBEIZHU&tradeStatus=SUCCESS&sign=764DBAA2B9224DD9FB4C0F62D459774F', 'pt112018032915074902', '88882016072200000005', 'SUCCESS', 'MERCHANT');
INSERT INTO `rp_notify_record` VALUES ('3d13ab448d9e49459e722f7e3ac2f2c0', '5', '2017-12-28 23:31:50', '2017-12-28 23:45:51', '{1:0,2:1,3:2,4:3,5:4}', '5', '5', 'http://192.168.25.204:8083/roncoo-pay-web-sample-shop/roncooPayNotify/notify?field1=field1&field2=field2&field3=field3&field4=field4&field5=field5&orderDate=20180329&orderNo=pt112018032915075105&orderPrice=10.000000&orderTime=20180329150751&payKey=abcf900288114d5fa7fde764966eb2ff&payWayCode=TEST_PAY_HTTP_CLIENT&productName=SHANGPINGMINGCHENG&remark=ZHIFUBEIZHU&tradeStatus=SUCCESS&sign=C6BFE761F8AC314F53C8E5A6C3924361', 'pt112018032915075105', '88882016072200000005', 'SUCCESS', 'MERCHANT');
INSERT INTO `rp_notify_record` VALUES ('4875e6dcc7fd41e5a11590d7c6dd3050', '5', '2017-12-28 23:31:53', '2017-12-28 23:45:51', '{1:0,2:1,3:2,4:3,5:4}', '5', '5', 'http://192.168.25.204:8083/roncoo-pay-web-sample-shop/roncooPayNotify/notify?field1=field1&field2=field2&field3=field3&field4=field4&field5=field5&orderDate=20180329&orderNo=pt1120180329150754010&orderPrice=10.000000&orderTime=20180329150754&payKey=abcf900288114d5fa7fde764966eb2ff&payWayCode=TEST_PAY_HTTP_CLIENT&productName=SHANGPINGMINGCHENG&remark=ZHIFUBEIZHU&tradeStatus=SUCCESS&sign=BBC3CEE8A026A117E4D8D801A33EA598', 'pt1120180329150754010', '88882016072200000005', 'SUCCESS', 'MERCHANT');
INSERT INTO `rp_notify_record` VALUES ('5142c610927b4f69a71b96aba17edf58', '5', '2017-12-28 23:31:49', '2017-12-28 23:45:51', '{1:0,2:1,3:2,4:3,5:4}', '5', '5', 'http://192.168.25.204:8083/roncoo-pay-web-sample-shop/roncooPayNotify/notify?field1=field1&field2=field2&field3=field3&field4=field4&field5=field5&orderDate=20180329&orderNo=pt112018032915075003&orderPrice=10.000000&orderTime=20180329150750&payKey=abcf900288114d5fa7fde764966eb2ff&payWayCode=TEST_PAY_HTTP_CLIENT&productName=SHANGPINGMINGCHENG&remark=ZHIFUBEIZHU&tradeStatus=SUCCESS&sign=6139A71531A3A453F30300C6B62CC22C', 'pt112018032915075003', '88882016072200000005', 'SUCCESS', 'MERCHANT');
INSERT INTO `rp_notify_record` VALUES ('5d11348e852045c9a144da72c2b56138', '5', '2017-12-28 23:31:52', '2017-12-28 23:45:51', '{1:0,2:1,3:2,4:3,5:4}', '5', '5', 'http://192.168.25.204:8083/roncoo-pay-web-sample-shop/roncooPayNotify/notify?field1=field1&field2=field2&field3=field3&field4=field4&field5=field5&orderDate=20180329&orderNo=pt102018032915075308&orderPrice=10.000000&orderTime=20180329150753&payKey=4c52295065654407b42797cda80dd07d&payWayCode=TEST_PAY_HTTP_CLIENT&productName=SHANGPINGMINGCHENG&remark=ZHIFUBEIZHU&tradeStatus=SUCCESS&sign=A794AD2E38C5A07B3289BE09A673B516', 'pt102018032915075308', '88882016071900000003', 'SUCCESS', 'MERCHANT');
INSERT INTO `rp_notify_record` VALUES ('6138562e373545b6a1ff2d608060d537', '5', '2017-12-28 23:25:09', '2017-12-28 23:36:51', '{1:0,2:1,3:2,4:3,5:4}', '5', '5', 'http://192.168.25.204:8083/roncoo-pay-web-sample-shop/roncooPayNotify/notify?field1=field1&field2=field2&field3=field3&field4=field4&field5=field5&orderDate=20180329&orderNo=pt102018032915011000&orderPrice=10.000000&orderTime=20180329150110&payKey=4c52295065654407b42797cda80dd07d&payWayCode=TEST_PAY_HTTP_CLIENT&productName=SHANGPINGMINGCHENG&remark=ZHIFUBEIZHU&tradeStatus=SUCCESS&sign=1BBB46C3538E7A2F116735806E4D2777', 'pt102018032915011000', '88882016071900000003', 'FAILED', 'MERCHANT');
INSERT INTO `rp_notify_record` VALUES ('71cb7db78a5a44f5a34f1e136f967131', '5', '2017-12-28 23:31:48', '2017-12-28 23:45:51', '{1:0,2:1,3:2,4:3,5:4}', '5', '5', 'http://192.168.25.204:8083/roncoo-pay-web-sample-shop/roncooPayNotify/notify?field1=field1&field2=field2&field3=field3&field4=field4&field5=field5&orderDate=20180329&orderNo=pt102018032915074801&orderPrice=10.000000&orderTime=20180329150748&payKey=4c52295065654407b42797cda80dd07d&payWayCode=TEST_PAY_HTTP_CLIENT&productName=SHANGPINGMINGCHENG&remark=ZHIFUBEIZHU&tradeStatus=SUCCESS&sign=B43BB6C1E03E48B7F0B5F3B7007BAF6F', 'pt102018032915074801', '88882016071900000003', 'SUCCESS', 'MERCHANT');
INSERT INTO `rp_notify_record` VALUES ('739499ea32ab4031adf8eb68f331b4d4', '5', '2017-12-28 23:31:52', '2017-12-28 23:45:51', '{1:0,2:1,3:2,4:3,5:4}', '5', '5', 'http://192.168.25.204:8083/roncoo-pay-web-sample-shop/roncooPayNotify/notify?field1=field1&field2=field2&field3=field3&field4=field4&field5=field5&orderDate=20180329&orderNo=pt102018032915075207&orderPrice=10.000000&orderTime=20180329150752&payKey=4c52295065654407b42797cda80dd07d&payWayCode=TEST_PAY_HTTP_CLIENT&productName=SHANGPINGMINGCHENG&remark=ZHIFUBEIZHU&tradeStatus=SUCCESS&sign=2227699E9C923AF0F07C9E7137CF0573', 'pt102018032915075207', '88882016071900000003', 'SUCCESS', 'MERCHANT');
INSERT INTO `rp_notify_record` VALUES ('74c24c9c5f6e4558bb06010bd16415b8', '5', '2017-12-28 23:31:52', '2017-12-28 23:45:51', '{1:0,2:1,3:2,4:3,5:4}', '5', '5', 'http://192.168.25.204:8083/roncoo-pay-web-sample-shop/roncooPayNotify/notify?field1=field1&field2=field2&field3=field3&field4=field4&field5=field5&orderDate=20180329&orderNo=pt112018032915075308&orderPrice=10.000000&orderTime=20180329150753&payKey=abcf900288114d5fa7fde764966eb2ff&payWayCode=TEST_PAY_HTTP_CLIENT&productName=SHANGPINGMINGCHENG&remark=ZHIFUBEIZHU&tradeStatus=SUCCESS&sign=94E7D6EC0784146AC686BB8620F742A9', 'pt112018032915075308', '88882016072200000005', 'SUCCESS', 'MERCHANT');
INSERT INTO `rp_notify_record` VALUES ('79ee9c7a13e843dbad2eba70dcddc5df', '5', '2017-12-28 23:03:40', '2017-12-28 23:13:40', '{1:0,2:1,3:2,4:3,5:4}', '5', '5', 'http://192.168.25.204:8083/roncoo-pay-web-sample-shop/roncooPayNotify/notify?field1=field1&field2=field2&field3=field3&field4=field4&field5=field5&orderDate=20180329&orderNo=pt102018032914394000&orderPrice=10.000000&orderTime=20180329143940&payKey=4c52295065654407b42797cda80dd07d&payWayCode=TEST_PAY_HTTP_CLIENT&productName=SHANGPINGMINGCHENG&remark=ZHIFUBEIZHU&tradeStatus=SUCCESS&sign=38196A0113952E79B5B11224F17E38F0', 'pt102018032914394000', '88882016071900000003', 'FAILED', 'MERCHANT');
INSERT INTO `rp_notify_record` VALUES ('81f571bc25694f81adc1f2df9f4a9ee1', '5', '2017-12-28 23:31:49', '2017-12-28 23:45:51', '{1:0,2:1,3:2,4:3,5:4}', '5', '5', 'http://192.168.25.204:8083/roncoo-pay-web-sample-shop/roncooPayNotify/notify?field1=field1&field2=field2&field3=field3&field4=field4&field5=field5&orderDate=20180329&orderNo=pt102018032915075003&orderPrice=10.000000&orderTime=20180329150750&payKey=4c52295065654407b42797cda80dd07d&payWayCode=TEST_PAY_HTTP_CLIENT&productName=SHANGPINGMINGCHENG&remark=ZHIFUBEIZHU&tradeStatus=SUCCESS&sign=44BA2AE8F827D534CE85D26A21F859A5', 'pt102018032915075003', '88882016071900000003', 'SUCCESS', 'MERCHANT');
INSERT INTO `rp_notify_record` VALUES ('84836d5fb3e641288718623f161d815e', '5', '2017-12-28 23:31:50', '2017-12-28 23:45:51', '{1:0,2:1,3:2,4:3,5:4}', '5', '5', 'http://192.168.25.204:8083/roncoo-pay-web-sample-shop/roncooPayNotify/notify?field1=field1&field2=field2&field3=field3&field4=field4&field5=field5&orderDate=20180329&orderNo=pt102018032915075105&orderPrice=10.000000&orderTime=20180329150751&payKey=4c52295065654407b42797cda80dd07d&payWayCode=TEST_PAY_HTTP_CLIENT&productName=SHANGPINGMINGCHENG&remark=ZHIFUBEIZHU&tradeStatus=SUCCESS&sign=8694E178414822B69649358EDDA52817', 'pt102018032915075105', '88882016071900000003', 'SUCCESS', 'MERCHANT');
INSERT INTO `rp_notify_record` VALUES ('8dd0fd52565d4790a3cbee315544254e', '5', '2017-12-28 23:31:51', '2017-12-28 23:45:51', '{1:0,2:1,3:2,4:3,5:4}', '5', '5', 'http://192.168.25.204:8083/roncoo-pay-web-sample-shop/roncooPayNotify/notify?field1=field1&field2=field2&field3=field3&field4=field4&field5=field5&orderDate=20180329&orderNo=pt102018032915075206&orderPrice=10.000000&orderTime=20180329150752&payKey=4c52295065654407b42797cda80dd07d&payWayCode=TEST_PAY_HTTP_CLIENT&productName=SHANGPINGMINGCHENG&remark=ZHIFUBEIZHU&tradeStatus=SUCCESS&sign=746A26336581C017D9CA2B74A964398A', 'pt102018032915075206', '88882016071900000003', 'SUCCESS', 'MERCHANT');
INSERT INTO `rp_notify_record` VALUES ('96035a1de33a49968647cb94003fb6b0', '5', '2017-12-28 23:31:51', '2017-12-28 23:45:51', '{1:0,2:1,3:2,4:3,5:4}', '5', '5', 'http://192.168.25.204:8083/roncoo-pay-web-sample-shop/roncooPayNotify/notify?field1=field1&field2=field2&field3=field3&field4=field4&field5=field5&orderDate=20180329&orderNo=pt112018032915075206&orderPrice=10.000000&orderTime=20180329150752&payKey=abcf900288114d5fa7fde764966eb2ff&payWayCode=TEST_PAY_HTTP_CLIENT&productName=SHANGPINGMINGCHENG&remark=ZHIFUBEIZHU&tradeStatus=SUCCESS&sign=83A34FF6998627C197C8B6051AAF01E9', 'pt112018032915075206', '88882016072200000005', 'SUCCESS', 'MERCHANT');
INSERT INTO `rp_notify_record` VALUES ('9fe3ba6bfd554568a910666523b05775', '5', '2017-12-28 23:31:53', '2017-12-28 23:45:51', '{1:0,2:1,3:2,4:3,5:4}', '5', '5', 'http://192.168.25.204:8083/roncoo-pay-web-sample-shop/roncooPayNotify/notify?field1=field1&field2=field2&field3=field3&field4=field4&field5=field5&orderDate=20180329&orderNo=pt102018032915075309&orderPrice=10.000000&orderTime=20180329150753&payKey=4c52295065654407b42797cda80dd07d&payWayCode=TEST_PAY_HTTP_CLIENT&productName=SHANGPINGMINGCHENG&remark=ZHIFUBEIZHU&tradeStatus=SUCCESS&sign=3CEB5202DB811B25847D7BDE2964BA77', 'pt102018032915075309', '88882016071900000003', 'SUCCESS', 'MERCHANT');
INSERT INTO `rp_notify_record` VALUES ('a010f87781684f7f9e0e9fdb7e17ceca', '5', '2017-12-28 23:31:50', '2017-12-28 23:45:51', '{1:0,2:1,3:2,4:3,5:4}', '5', '5', 'http://192.168.25.204:8083/roncoo-pay-web-sample-shop/roncooPayNotify/notify?field1=field1&field2=field2&field3=field3&field4=field4&field5=field5&orderDate=20180329&orderNo=pt112018032915075004&orderPrice=10.000000&orderTime=20180329150750&payKey=abcf900288114d5fa7fde764966eb2ff&payWayCode=TEST_PAY_HTTP_CLIENT&productName=SHANGPINGMINGCHENG&remark=ZHIFUBEIZHU&tradeStatus=SUCCESS&sign=B234399A902EB388BA828D5A2764CC58', 'pt112018032915075004', '88882016072200000005', 'SUCCESS', 'MERCHANT');
INSERT INTO `rp_notify_record` VALUES ('a1279caf87c343738e75354c15284a03', '1', '2017-12-28 21:30:27', '2017-12-28 21:30:28', '{1:0,2:1,3:2,4:3,5:4}', '1', '5', 'http://192.168.25.204:8083/roncoo-pay-web-sample-shop/roncooPayNotify/notify?field1=field1&field2=field2&field3=field3&field4=field4&field5=field5&orderDate=20180329&orderNo=pt102018032912500000&orderPrice=10.000000&orderTime=20180329125000&payKey=4c52295065654407b42797cda80dd07d&payWayCode=TEST_PAY_HTTP_CLIENT&productName=SHANGPINGMINGCHENG&remark=ZHIFUBEIZHU&tradeStatus=SUCCESS&sign=77C4CA8527E3F5AC9FF7CCA89C56560F', 'pt102018032912500000', '88882016071900000003', 'SUCCESS', 'MERCHANT');
INSERT INTO `rp_notify_record` VALUES ('c6de6a7568854fddafb70d400a211ee2', '5', '2017-12-28 23:31:53', '2017-12-28 23:45:51', '{1:0,2:1,3:2,4:3,5:4}', '5', '5', 'http://192.168.25.204:8083/roncoo-pay-web-sample-shop/roncooPayNotify/notify?field1=field1&field2=field2&field3=field3&field4=field4&field5=field5&orderDate=20180329&orderNo=pt112018032915075309&orderPrice=10.000000&orderTime=20180329150753&payKey=abcf900288114d5fa7fde764966eb2ff&payWayCode=TEST_PAY_HTTP_CLIENT&productName=SHANGPINGMINGCHENG&remark=ZHIFUBEIZHU&tradeStatus=SUCCESS&sign=C871D789ADC8A5C527B9802A86760D58', 'pt112018032915075309', '88882016072200000005', 'SUCCESS', 'MERCHANT');
INSERT INTO `rp_notify_record` VALUES ('ca2f96151341480bb148740338883455', '5', '2017-12-28 23:31:48', '2017-12-28 23:45:51', '{1:0,2:1,3:2,4:3,5:4}', '5', '5', 'http://192.168.25.204:8083/roncoo-pay-web-sample-shop/roncooPayNotify/notify?field1=field1&field2=field2&field3=field3&field4=field4&field5=field5&orderDate=20180329&orderNo=pt112018032915074700&orderPrice=10.000000&orderTime=20180329150747&payKey=abcf900288114d5fa7fde764966eb2ff&payWayCode=TEST_PAY_HTTP_CLIENT&productName=SHANGPINGMINGCHENG&remark=ZHIFUBEIZHU&tradeStatus=SUCCESS&sign=50C6C546312864E088C82A6FDF81AECD', 'pt112018032915074700', '88882016072200000005', 'SUCCESS', 'MERCHANT');

-- ----------------------------
-- Table structure for rp_notify_record_log
-- ----------------------------
DROP TABLE IF EXISTS `rp_notify_record_log`;
CREATE TABLE `rp_notify_record_log` (
  `id` varchar(50) NOT NULL DEFAULT '' COMMENT 'ID',
  `version` int(11) NOT NULL DEFAULT '0' COMMENT '版本号',
  `edit_time` datetime DEFAULT NULL COMMENT '最后修改时间',
  `create_time` datetime NOT NULL DEFAULT '0000-00-00 00:00:00' COMMENT '创建时间',
  `notify_id` varchar(50) NOT NULL DEFAULT '' COMMENT '通知记录ID',
  `request` varchar(2000) NOT NULL DEFAULT '' COMMENT '请求内容',
  `response` varchar(2000) NOT NULL DEFAULT '' COMMENT '响应内容',
  `merchant_no` varchar(50) NOT NULL DEFAULT '' COMMENT '商户编号',
  `merchant_order_no` varchar(50) NOT NULL COMMENT '商户订单号',
  `http_status` varchar(50) NOT NULL COMMENT 'HTTP状态',
  PRIMARY KEY (`id`)
) ENGINE=InnoDB DEFAULT CHARSET=utf8 COMMENT='通知记录日志表 RP_NOTIFY_RECORD_LOG';

-- ----------------------------
-- Records of rp_notify_record_log
-- ----------------------------
INSERT INTO `rp_notify_record_log` VALUES ('0067209bccce4352a55153ea7cb40a54', '0', '2017-12-28 21:30:28', '2017-12-28 21:30:28', 'a1279caf87c343738e75354c15284a03', 'http://192.168.25.204:8083/roncoo-pay-web-sample-shop/roncooPayNotify/notify?field1=field1&field2=field2&field3=field3&field4=field4&field5=field5&orderDate=20180329&orderNo=pt102018032912500000&orderPrice=10.000000&orderTime=20180329125000&payKey=4c52295065654407b42797cda80dd07d&payWayCode=TEST_PAY_HTTP_CLIENT&productName=SHANGPINGMINGCHENG&remark=ZHIFUBEIZHU&tradeStatus=SUCCESS&sign=77C4CA8527E3F5AC9FF7CCA89C56560F', '', '88882016071900000003', 'pt102018032912500000', '200');
INSERT INTO `rp_notify_record_log` VALUES ('017b43c1c0a44724992f43b997fd0ec8', '0', '2017-12-28 23:31:53', '2017-12-28 23:31:53', '4875e6dcc7fd41e5a11590d7c6dd3050', 'http://192.168.25.204:8083/roncoo-pay-web-sample-shop/roncooPayNotify/notify?field1=field1&field2=field2&field3=field3&field4=field4&field5=field5&orderDate=20180329&orderNo=pt1120180329150754010&orderPrice=10.000000&orderTime=20180329150754&payKey=abcf900288114d5fa7fde764966eb2ff&payWayCode=TEST_PAY_HTTP_CLIENT&productName=SHANGPINGMINGCHENG&remark=ZHIFUBEIZHU&tradeStatus=SUCCESS&sign=BBC3CEE8A026A117E4D8D801A33EA598', '', '88882016072200000005', 'pt1120180329150754010', '-1');
INSERT INTO `rp_notify_record_log` VALUES ('0be124862f17482383914929abff80cf', '0', '2017-12-28 23:45:51', '2017-12-28 23:45:51', '5d11348e852045c9a144da72c2b56138', 'http://192.168.25.204:8083/roncoo-pay-web-sample-shop/roncooPayNotify/notify?field1=field1&field2=field2&field3=field3&field4=field4&field5=field5&orderDate=20180329&orderNo=pt102018032915075308&orderPrice=10.000000&orderTime=20180329150753&payKey=4c52295065654407b42797cda80dd07d&payWayCode=TEST_PAY_HTTP_CLIENT&productName=SHANGPINGMINGCHENG&remark=ZHIFUBEIZHU&tradeStatus=SUCCESS&sign=A794AD2E38C5A07B3289BE09A673B516', '', '88882016071900000003', 'pt102018032915075308', '200');
INSERT INTO `rp_notify_record_log` VALUES ('0d11a98d501c45049f8f29c1c9243bac', '0', '2017-12-28 23:31:49', '2017-12-28 23:31:49', '81f571bc25694f81adc1f2df9f4a9ee1', 'http://192.168.25.204:8083/roncoo-pay-web-sample-shop/roncooPayNotify/notify?field1=field1&field2=field2&field3=field3&field4=field4&field5=field5&orderDate=20180329&orderNo=pt102018032915075003&orderPrice=10.000000&orderTime=20180329150750&payKey=4c52295065654407b42797cda80dd07d&payWayCode=TEST_PAY_HTTP_CLIENT&productName=SHANGPINGMINGCHENG&remark=ZHIFUBEIZHU&tradeStatus=SUCCESS&sign=44BA2AE8F827D534CE85D26A21F859A5', '', '88882016071900000003', 'pt102018032915075003', '-1');
INSERT INTO `rp_notify_record_log` VALUES ('0f49ed09eb4b43fab7e8df55bbd2fe9a', '0', '2017-12-28 23:36:51', '2017-12-28 23:36:51', 'a010f87781684f7f9e0e9fdb7e17ceca', 'http://192.168.25.204:8083/roncoo-pay-web-sample-shop/roncooPayNotify/notify?field1=field1&field2=field2&field3=field3&field4=field4&field5=field5&orderDate=20180329&orderNo=pt112018032915075004&orderPrice=10.000000&orderTime=20180329150750&payKey=abcf900288114d5fa7fde764966eb2ff&payWayCode=TEST_PAY_HTTP_CLIENT&productName=SHANGPINGMINGCHENG&remark=ZHIFUBEIZHU&tradeStatus=SUCCESS&sign=B234399A902EB388BA828D5A2764CC58', '', '88882016072200000005', 'pt112018032915075004', '-1');
INSERT INTO `rp_notify_record_log` VALUES ('126067391ad04be1b0f0aba2db241aa0', '0', '2017-12-28 23:45:51', '2017-12-28 23:45:51', '5142c610927b4f69a71b96aba17edf58', 'http://192.168.25.204:8083/roncoo-pay-web-sample-shop/roncooPayNotify/notify?field1=field1&field2=field2&field3=field3&field4=field4&field5=field5&orderDate=20180329&orderNo=pt112018032915075003&orderPrice=10.000000&orderTime=20180329150750&payKey=abcf900288114d5fa7fde764966eb2ff&payWayCode=TEST_PAY_HTTP_CLIENT&productName=SHANGPINGMINGCHENG&remark=ZHIFUBEIZHU&tradeStatus=SUCCESS&sign=6139A71531A3A453F30300C6B62CC22C', '', '88882016072200000005', 'pt112018032915075003', '200');
INSERT INTO `rp_notify_record_log` VALUES ('13ad9e8162d14523bf0d1e1c9697c29f', '0', '2017-12-28 23:38:51', '2017-12-28 23:38:51', '09ee8c5ac9234e1d8596b27dc73ea19b', 'http://192.168.25.204:8083/roncoo-pay-web-sample-shop/roncooPayNotify/notify?field1=field1&field2=field2&field3=field3&field4=field4&field5=field5&orderDate=20180329&orderNo=pt102018032915075004&orderPrice=10.000000&orderTime=20180329150750&payKey=4c52295065654407b42797cda80dd07d&payWayCode=TEST_PAY_HTTP_CLIENT&productName=SHANGPINGMINGCHENG&remark=ZHIFUBEIZHU&tradeStatus=SUCCESS&sign=FC502CCBF62B6624662A6B2EC53B1DC3', '', '88882016071900000003', 'pt102018032915075004', '-1');
INSERT INTO `rp_notify_record_log` VALUES ('14a25424edc14011a6cdcbe504e66064', '0', '2017-12-28 23:38:51', '2017-12-28 23:38:51', '2bfa3bb705e046b98815c6802baa2a99', 'http://192.168.25.204:8083/roncoo-pay-web-sample-shop/roncooPayNotify/notify?field1=field1&field2=field2&field3=field3&field4=field4&field5=field5&orderDate=20180329&orderNo=pt112018032915075207&orderPrice=10.000000&orderTime=20180329150752&payKey=abcf900288114d5fa7fde764966eb2ff&payWayCode=TEST_PAY_HTTP_CLIENT&productName=SHANGPINGMINGCHENG&remark=ZHIFUBEIZHU&tradeStatus=SUCCESS&sign=33B043C4F1E971EA23C7A9DEF22FBAF8', '', '88882016072200000005', 'pt112018032915075207', '-1');
INSERT INTO `rp_notify_record_log` VALUES ('1676f9bd81c9427099b7802bdb7ef8a0', '0', '2017-12-28 23:38:51', '2017-12-28 23:38:51', '14c0dca445df49bf953a7a8dcc4204e0', 'http://192.168.25.204:8083/roncoo-pay-web-sample-shop/roncooPayNotify/notify?field1=field1&field2=field2&field3=field3&field4=field4&field5=field5&orderDate=20180329&orderNo=pt1020180329150754010&orderPrice=10.000000&orderTime=20180329150754&payKey=4c52295065654407b42797cda80dd07d&payWayCode=TEST_PAY_HTTP_CLIENT&productName=SHANGPINGMINGCHENG&remark=ZHIFUBEIZHU&tradeStatus=SUCCESS&sign=FB3BCC07061D444C9933BD4FBBCE45E2', '', '88882016071900000003', 'pt1020180329150754010', '-1');
INSERT INTO `rp_notify_record_log` VALUES ('192bdf5a372f4d5aaaf4f071cac256a2', '0', '2017-12-28 23:36:51', '2017-12-28 23:36:51', '14c0dca445df49bf953a7a8dcc4204e0', 'http://192.168.25.204:8083/roncoo-pay-web-sample-shop/roncooPayNotify/notify?field1=field1&field2=field2&field3=field3&field4=field4&field5=field5&orderDate=20180329&orderNo=pt1020180329150754010&orderPrice=10.000000&orderTime=20180329150754&payKey=4c52295065654407b42797cda80dd07d&payWayCode=TEST_PAY_HTTP_CLIENT&productName=SHANGPINGMINGCHENG&remark=ZHIFUBEIZHU&tradeStatus=SUCCESS&sign=FB3BCC07061D444C9933BD4FBBCE45E2', '', '88882016071900000003', 'pt1020180329150754010', '-1');
INSERT INTO `rp_notify_record_log` VALUES ('1ba1f500f9944d849d1ebd15986267cd', '0', '2017-12-28 23:45:51', '2017-12-28 23:45:51', '398347bc7a68485e95bd0bbca4316556', 'http://192.168.25.204:8083/roncoo-pay-web-sample-shop/roncooPayNotify/notify?field1=field1&field2=field2&field3=field3&field4=field4&field5=field5&orderDate=20180329&orderNo=pt112018032915074902&orderPrice=10.000000&orderTime=20180329150749&payKey=abcf900288114d5fa7fde764966eb2ff&payWayCode=TEST_PAY_HTTP_CLIENT&productName=SHANGPINGMINGCHENG&remark=ZHIFUBEIZHU&tradeStatus=SUCCESS&sign=764DBAA2B9224DD9FB4C0F62D459774F', '', '88882016072200000005', 'pt112018032915074902', '200');
INSERT INTO `rp_notify_record_log` VALUES ('1f570fa1e2aa430cad8e4f167a7fadda', '0', '2017-12-28 23:41:50', '2017-12-28 23:41:50', 'ca2f96151341480bb148740338883455', 'http://192.168.25.204:8083/roncoo-pay-web-sample-shop/roncooPayNotify/notify?field1=field1&field2=field2&field3=field3&field4=field4&field5=field5&orderDate=20180329&orderNo=pt112018032915074700&orderPrice=10.000000&orderTime=20180329150747&payKey=abcf900288114d5fa7fde764966eb2ff&payWayCode=TEST_PAY_HTTP_CLIENT&productName=SHANGPINGMINGCHENG&remark=ZHIFUBEIZHU&tradeStatus=SUCCESS&sign=50C6C546312864E088C82A6FDF81AECD', '', '88882016072200000005', 'pt112018032915074700', '-1');
INSERT INTO `rp_notify_record_log` VALUES ('20e66fcabb0947de9c172e9fd164ec40', '0', '2017-12-28 23:38:51', '2017-12-28 23:38:51', '4875e6dcc7fd41e5a11590d7c6dd3050', 'http://192.168.25.204:8083/roncoo-pay-web-sample-shop/roncooPayNotify/notify?field1=field1&field2=field2&field3=field3&field4=field4&field5=field5&orderDate=20180329&orderNo=pt1120180329150754010&orderPrice=10.000000&orderTime=20180329150754&payKey=abcf900288114d5fa7fde764966eb2ff&payWayCode=TEST_PAY_HTTP_CLIENT&productName=SHANGPINGMINGCHENG&remark=ZHIFUBEIZHU&tradeStatus=SUCCESS&sign=BBC3CEE8A026A117E4D8D801A33EA598', '', '88882016072200000005', 'pt1120180329150754010', '-1');
INSERT INTO `rp_notify_record_log` VALUES ('2123ab9043a7458a89d75ccc7dd670de', '0', '2017-12-28 23:36:51', '2017-12-28 23:36:51', '739499ea32ab4031adf8eb68f331b4d4', 'http://192.168.25.204:8083/roncoo-pay-web-sample-shop/roncooPayNotify/notify?field1=field1&field2=field2&field3=field3&field4=field4&field5=field5&orderDate=20180329&orderNo=pt102018032915075207&orderPrice=10.000000&orderTime=20180329150752&payKey=4c52295065654407b42797cda80dd07d&payWayCode=TEST_PAY_HTTP_CLIENT&productName=SHANGPINGMINGCHENG&remark=ZHIFUBEIZHU&tradeStatus=SUCCESS&sign=2227699E9C923AF0F07C9E7137CF0573', '', '88882016071900000003', 'pt102018032915075207', '-1');
INSERT INTO `rp_notify_record_log` VALUES ('2195d3e075294d90823e3a94b1d6feab', '0', '2017-12-28 23:38:51', '2017-12-28 23:38:51', '8dd0fd52565d4790a3cbee315544254e', 'http://192.168.25.204:8083/roncoo-pay-web-sample-shop/roncooPayNotify/notify?field1=field1&field2=field2&field3=field3&field4=field4&field5=field5&orderDate=20180329&orderNo=pt102018032915075206&orderPrice=10.000000&orderTime=20180329150752&payKey=4c52295065654407b42797cda80dd07d&payWayCode=TEST_PAY_HTTP_CLIENT&productName=SHANGPINGMINGCHENG&remark=ZHIFUBEIZHU&tradeStatus=SUCCESS&sign=746A26336581C017D9CA2B74A964398A', '', '88882016071900000003', 'pt102018032915075206', '-1');
INSERT INTO `rp_notify_record_log` VALUES ('2205c27d01e0438997fd93ccb9b2b929', '0', '2017-12-28 23:36:51', '2017-12-28 23:36:51', '81f571bc25694f81adc1f2df9f4a9ee1', 'http://192.168.25.204:8083/roncoo-pay-web-sample-shop/roncooPayNotify/notify?field1=field1&field2=field2&field3=field3&field4=field4&field5=field5&orderDate=20180329&orderNo=pt102018032915075003&orderPrice=10.000000&orderTime=20180329150750&payKey=4c52295065654407b42797cda80dd07d&payWayCode=TEST_PAY_HTTP_CLIENT&productName=SHANGPINGMINGCHENG&remark=ZHIFUBEIZHU&tradeStatus=SUCCESS&sign=44BA2AE8F827D534CE85D26A21F859A5', '', '88882016071900000003', 'pt102018032915075003', '-1');
INSERT INTO `rp_notify_record_log` VALUES ('22e2fcc6a1a14b889c2152441c165f15', '0', '2017-12-28 23:41:51', '2017-12-28 23:41:51', '4875e6dcc7fd41e5a11590d7c6dd3050', 'http://192.168.25.204:8083/roncoo-pay-web-sample-shop/roncooPayNotify/notify?field1=field1&field2=field2&field3=field3&field4=field4&field5=field5&orderDate=20180329&orderNo=pt1120180329150754010&orderPrice=10.000000&orderTime=20180329150754&payKey=abcf900288114d5fa7fde764966eb2ff&payWayCode=TEST_PAY_HTTP_CLIENT&productName=SHANGPINGMINGCHENG&remark=ZHIFUBEIZHU&tradeStatus=SUCCESS&sign=BBC3CEE8A026A117E4D8D801A33EA598', '', '88882016072200000005', 'pt1120180329150754010', '-1');
INSERT INTO `rp_notify_record_log` VALUES ('24c93d022f2640b69c07905e37155076', '0', '2017-12-28 23:41:51', '2017-12-28 23:41:51', '5142c610927b4f69a71b96aba17edf58', 'http://192.168.25.204:8083/roncoo-pay-web-sample-shop/roncooPayNotify/notify?field1=field1&field2=field2&field3=field3&field4=field4&field5=field5&orderDate=20180329&orderNo=pt112018032915075003&orderPrice=10.000000&orderTime=20180329150750&payKey=abcf900288114d5fa7fde764966eb2ff&payWayCode=TEST_PAY_HTTP_CLIENT&productName=SHANGPINGMINGCHENG&remark=ZHIFUBEIZHU&tradeStatus=SUCCESS&sign=6139A71531A3A453F30300C6B62CC22C', '', '88882016072200000005', 'pt112018032915075003', '-1');
INSERT INTO `rp_notify_record_log` VALUES ('25a7a6cb4f924d71957828bf4dc46325', '0', '2017-12-28 23:31:52', '2017-12-28 23:31:52', '739499ea32ab4031adf8eb68f331b4d4', 'http://192.168.25.204:8083/roncoo-pay-web-sample-shop/roncooPayNotify/notify?field1=field1&field2=field2&field3=field3&field4=field4&field5=field5&orderDate=20180329&orderNo=pt102018032915075207&orderPrice=10.000000&orderTime=20180329150752&payKey=4c52295065654407b42797cda80dd07d&payWayCode=TEST_PAY_HTTP_CLIENT&productName=SHANGPINGMINGCHENG&remark=ZHIFUBEIZHU&tradeStatus=SUCCESS&sign=2227699E9C923AF0F07C9E7137CF0573', '', '88882016071900000003', 'pt102018032915075207', '-1');
INSERT INTO `rp_notify_record_log` VALUES ('26444f165656428b84ea5c11c9494b9d', '0', '2017-12-28 23:38:50', '2017-12-28 23:38:50', '31bcb1b01493474ebe8da8a273f3a46c', 'http://192.168.25.204:8083/roncoo-pay-web-sample-shop/roncooPayNotify/notify?field1=field1&field2=field2&field3=field3&field4=field4&field5=field5&orderDate=20180329&orderNo=pt112018032915074801&orderPrice=10.000000&orderTime=20180329150748&payKey=abcf900288114d5fa7fde764966eb2ff&payWayCode=TEST_PAY_HTTP_CLIENT&productName=SHANGPINGMINGCHENG&remark=ZHIFUBEIZHU&tradeStatus=SUCCESS&sign=8C6440EA984C82981860E59ABF8D2994', '', '88882016072200000005', 'pt112018032915074801', '-1');
INSERT INTO `rp_notify_record_log` VALUES ('282755bdd0ab439a8acd2bbed9fb01a6', '0', '2017-12-28 23:36:51', '2017-12-28 23:36:51', '4875e6dcc7fd41e5a11590d7c6dd3050', 'http://192.168.25.204:8083/roncoo-pay-web-sample-shop/roncooPayNotify/notify?field1=field1&field2=field2&field3=field3&field4=field4&field5=field5&orderDate=20180329&orderNo=pt1120180329150754010&orderPrice=10.000000&orderTime=20180329150754&payKey=abcf900288114d5fa7fde764966eb2ff&payWayCode=TEST_PAY_HTTP_CLIENT&productName=SHANGPINGMINGCHENG&remark=ZHIFUBEIZHU&tradeStatus=SUCCESS&sign=BBC3CEE8A026A117E4D8D801A33EA598', '', '88882016072200000005', 'pt1120180329150754010', '-1');
INSERT INTO `rp_notify_record_log` VALUES ('3030957d0fce43b0abee7ada0e0d4a78', '0', '2017-12-28 23:31:53', '2017-12-28 23:31:53', '9fe3ba6bfd554568a910666523b05775', 'http://192.168.25.204:8083/roncoo-pay-web-sample-shop/roncooPayNotify/notify?field1=field1&field2=field2&field3=field3&field4=field4&field5=field5&orderDate=20180329&orderNo=pt102018032915075309&orderPrice=10.000000&orderTime=20180329150753&payKey=4c52295065654407b42797cda80dd07d&payWayCode=TEST_PAY_HTTP_CLIENT&productName=SHANGPINGMINGCHENG&remark=ZHIFUBEIZHU&tradeStatus=SUCCESS&sign=3CEB5202DB811B25847D7BDE2964BA77', '', '88882016071900000003', 'pt102018032915075309', '-1');
INSERT INTO `rp_notify_record_log` VALUES ('35ba283fe7c047b3861e596e75bbe6b7', '0', '2017-12-28 23:31:48', '2017-12-28 23:31:48', '2d71d9c33c0740f1bae794de3c293f4e', 'http://192.168.25.204:8083/roncoo-pay-web-sample-shop/roncooPayNotify/notify?field1=field1&field2=field2&field3=field3&field4=field4&field5=field5&orderDate=20180329&orderNo=pt102018032915074700&orderPrice=10.000000&orderTime=20180329150747&payKey=4c52295065654407b42797cda80dd07d&payWayCode=TEST_PAY_HTTP_CLIENT&productName=SHANGPINGMINGCHENG&remark=ZHIFUBEIZHU&tradeStatus=SUCCESS&sign=9C91354FA0C9DA6CFFA10612F59C5185', '', '88882016071900000003', 'pt102018032915074700', '-1');
INSERT INTO `rp_notify_record_log` VALUES ('361d186f6c044070a1a7ebc36ff047e7', '0', '2017-12-28 23:31:52', '2017-12-28 23:31:52', '5d11348e852045c9a144da72c2b56138', 'http://192.168.25.204:8083/roncoo-pay-web-sample-shop/roncooPayNotify/notify?field1=field1&field2=field2&field3=field3&field4=field4&field5=field5&orderDate=20180329&orderNo=pt102018032915075308&orderPrice=10.000000&orderTime=20180329150753&payKey=4c52295065654407b42797cda80dd07d&payWayCode=TEST_PAY_HTTP_CLIENT&productName=SHANGPINGMINGCHENG&remark=ZHIFUBEIZHU&tradeStatus=SUCCESS&sign=A794AD2E38C5A07B3289BE09A673B516', '', '88882016071900000003', 'pt102018032915075308', '-1');
INSERT INTO `rp_notify_record_log` VALUES ('36733e664a9d4c548b739020511920fe', '0', '2017-12-28 23:41:50', '2017-12-28 23:41:50', '31bcb1b01493474ebe8da8a273f3a46c', 'http://192.168.25.204:8083/roncoo-pay-web-sample-shop/roncooPayNotify/notify?field1=field1&field2=field2&field3=field3&field4=field4&field5=field5&orderDate=20180329&orderNo=pt112018032915074801&orderPrice=10.000000&orderTime=20180329150748&payKey=abcf900288114d5fa7fde764966eb2ff&payWayCode=TEST_PAY_HTTP_CLIENT&productName=SHANGPINGMINGCHENG&remark=ZHIFUBEIZHU&tradeStatus=SUCCESS&sign=8C6440EA984C82981860E59ABF8D2994', '', '88882016072200000005', 'pt112018032915074801', '-1');
INSERT INTO `rp_notify_record_log` VALUES ('386516cfe63c43cbafd237968e0b7c95', '0', '2017-12-28 23:45:51', '2017-12-28 23:45:51', '74c24c9c5f6e4558bb06010bd16415b8', 'http://192.168.25.204:8083/roncoo-pay-web-sample-shop/roncooPayNotify/notify?field1=field1&field2=field2&field3=field3&field4=field4&field5=field5&orderDate=20180329&orderNo=pt112018032915075308&orderPrice=10.000000&orderTime=20180329150753&payKey=abcf900288114d5fa7fde764966eb2ff&payWayCode=TEST_PAY_HTTP_CLIENT&productName=SHANGPINGMINGCHENG&remark=ZHIFUBEIZHU&tradeStatus=SUCCESS&sign=94E7D6EC0784146AC686BB8620F742A9', '', '88882016072200000005', 'pt112018032915075308', '200');
INSERT INTO `rp_notify_record_log` VALUES ('3d18920a564645008668854ba011372e', '0', '2017-12-28 23:45:51', '2017-12-28 23:45:51', '9fe3ba6bfd554568a910666523b05775', 'http://192.168.25.204:8083/roncoo-pay-web-sample-shop/roncooPayNotify/notify?field1=field1&field2=field2&field3=field3&field4=field4&field5=field5&orderDate=20180329&orderNo=pt102018032915075309&orderPrice=10.000000&orderTime=20180329150753&payKey=4c52295065654407b42797cda80dd07d&payWayCode=TEST_PAY_HTTP_CLIENT&productName=SHANGPINGMINGCHENG&remark=ZHIFUBEIZHU&tradeStatus=SUCCESS&sign=3CEB5202DB811B25847D7BDE2964BA77', '', '88882016071900000003', 'pt102018032915075309', '200');
INSERT INTO `rp_notify_record_log` VALUES ('3dad5705f61b4c7aa14f64045847c15a', '0', '2017-12-28 23:38:51', '2017-12-28 23:38:51', '96035a1de33a49968647cb94003fb6b0', 'http://192.168.25.204:8083/roncoo-pay-web-sample-shop/roncooPayNotify/notify?field1=field1&field2=field2&field3=field3&field4=field4&field5=field5&orderDate=20180329&orderNo=pt112018032915075206&orderPrice=10.000000&orderTime=20180329150752&payKey=abcf900288114d5fa7fde764966eb2ff&payWayCode=TEST_PAY_HTTP_CLIENT&productName=SHANGPINGMINGCHENG&remark=ZHIFUBEIZHU&tradeStatus=SUCCESS&sign=83A34FF6998627C197C8B6051AAF01E9', '', '88882016072200000005', 'pt112018032915075206', '-1');
INSERT INTO `rp_notify_record_log` VALUES ('3f8c1b3a524a406db4e3cd917da81f5e', '0', '2017-12-28 23:36:51', '2017-12-28 23:36:51', '84836d5fb3e641288718623f161d815e', 'http://192.168.25.204:8083/roncoo-pay-web-sample-shop/roncooPayNotify/notify?field1=field1&field2=field2&field3=field3&field4=field4&field5=field5&orderDate=20180329&orderNo=pt102018032915075105&orderPrice=10.000000&orderTime=20180329150751&payKey=4c52295065654407b42797cda80dd07d&payWayCode=TEST_PAY_HTTP_CLIENT&productName=SHANGPINGMINGCHENG&remark=ZHIFUBEIZHU&tradeStatus=SUCCESS&sign=8694E178414822B69649358EDDA52817', '', '88882016071900000003', 'pt102018032915075105', '-1');
INSERT INTO `rp_notify_record_log` VALUES ('41e765deead140d0aba66fb0e7bb9349', '0', '2017-12-28 23:36:51', '2017-12-28 23:36:51', '3d13ab448d9e49459e722f7e3ac2f2c0', 'http://192.168.25.204:8083/roncoo-pay-web-sample-shop/roncooPayNotify/notify?field1=field1&field2=field2&field3=field3&field4=field4&field5=field5&orderDate=20180329&orderNo=pt112018032915075105&orderPrice=10.000000&orderTime=20180329150751&payKey=abcf900288114d5fa7fde764966eb2ff&payWayCode=TEST_PAY_HTTP_CLIENT&productName=SHANGPINGMINGCHENG&remark=ZHIFUBEIZHU&tradeStatus=SUCCESS&sign=C6BFE761F8AC314F53C8E5A6C3924361', '', '88882016072200000005', 'pt112018032915075105', '-1');
INSERT INTO `rp_notify_record_log` VALUES ('473de50102784cd6b8421ac7e49fcd2a', '0', '2017-12-28 23:31:09', '2017-12-28 23:31:09', '6138562e373545b6a1ff2d608060d537', 'http://192.168.25.204:8083/roncoo-pay-web-sample-shop/roncooPayNotify/notify?field1=field1&field2=field2&field3=field3&field4=field4&field5=field5&orderDate=20180329&orderNo=pt102018032915011000&orderPrice=10.000000&orderTime=20180329150110&payKey=4c52295065654407b42797cda80dd07d&payWayCode=TEST_PAY_HTTP_CLIENT&productName=SHANGPINGMINGCHENG&remark=ZHIFUBEIZHU&tradeStatus=SUCCESS&sign=1BBB46C3538E7A2F116735806E4D2777', '', '88882016071900000003', 'pt102018032915011000', '-1');
INSERT INTO `rp_notify_record_log` VALUES ('48ff78add24f4281aeec40f793850f5d', '0', '2017-12-28 23:31:50', '2017-12-28 23:31:50', '09ee8c5ac9234e1d8596b27dc73ea19b', 'http://192.168.25.204:8083/roncoo-pay-web-sample-shop/roncooPayNotify/notify?field1=field1&field2=field2&field3=field3&field4=field4&field5=field5&orderDate=20180329&orderNo=pt102018032915075004&orderPrice=10.000000&orderTime=20180329150750&payKey=4c52295065654407b42797cda80dd07d&payWayCode=TEST_PAY_HTTP_CLIENT&productName=SHANGPINGMINGCHENG&remark=ZHIFUBEIZHU&tradeStatus=SUCCESS&sign=FC502CCBF62B6624662A6B2EC53B1DC3', '', '88882016071900000003', 'pt102018032915075004', '-1');
INSERT INTO `rp_notify_record_log` VALUES ('4a31dbeb1e674b1096334cb9c66e9e27', '0', '2017-12-28 23:28:09', '2017-12-28 23:28:09', '6138562e373545b6a1ff2d608060d537', 'http://192.168.25.204:8083/roncoo-pay-web-sample-shop/roncooPayNotify/notify?field1=field1&field2=field2&field3=field3&field4=field4&field5=field5&orderDate=20180329&orderNo=pt102018032915011000&orderPrice=10.000000&orderTime=20180329150110&payKey=4c52295065654407b42797cda80dd07d&payWayCode=TEST_PAY_HTTP_CLIENT&productName=SHANGPINGMINGCHENG&remark=ZHIFUBEIZHU&tradeStatus=SUCCESS&sign=1BBB46C3538E7A2F116735806E4D2777', '', '88882016071900000003', 'pt102018032915011000', '-1');
INSERT INTO `rp_notify_record_log` VALUES ('4bcb1e8ab82b4c71adc40652b41adfd7', '0', '2017-12-28 23:36:51', '2017-12-28 23:36:51', '96035a1de33a49968647cb94003fb6b0', 'http://192.168.25.204:8083/roncoo-pay-web-sample-shop/roncooPayNotify/notify?field1=field1&field2=field2&field3=field3&field4=field4&field5=field5&orderDate=20180329&orderNo=pt112018032915075206&orderPrice=10.000000&orderTime=20180329150752&payKey=abcf900288114d5fa7fde764966eb2ff&payWayCode=TEST_PAY_HTTP_CLIENT&productName=SHANGPINGMINGCHENG&remark=ZHIFUBEIZHU&tradeStatus=SUCCESS&sign=83A34FF6998627C197C8B6051AAF01E9', '', '88882016072200000005', 'pt112018032915075206', '-1');
INSERT INTO `rp_notify_record_log` VALUES ('4c73dfadd11d44c0b50676844c27d84a', '0', '2017-12-28 23:31:50', '2017-12-28 23:31:50', '3d13ab448d9e49459e722f7e3ac2f2c0', 'http://192.168.25.204:8083/roncoo-pay-web-sample-shop/roncooPayNotify/notify?field1=field1&field2=field2&field3=field3&field4=field4&field5=field5&orderDate=20180329&orderNo=pt112018032915075105&orderPrice=10.000000&orderTime=20180329150751&payKey=abcf900288114d5fa7fde764966eb2ff&payWayCode=TEST_PAY_HTTP_CLIENT&productName=SHANGPINGMINGCHENG&remark=ZHIFUBEIZHU&tradeStatus=SUCCESS&sign=C6BFE761F8AC314F53C8E5A6C3924361', '', '88882016072200000005', 'pt112018032915075105', '-1');
INSERT INTO `rp_notify_record_log` VALUES ('4e8322783248474481118424387ed2c8', '0', '2017-12-28 23:31:51', '2017-12-28 23:31:51', '8dd0fd52565d4790a3cbee315544254e', 'http://192.168.25.204:8083/roncoo-pay-web-sample-shop/roncooPayNotify/notify?field1=field1&field2=field2&field3=field3&field4=field4&field5=field5&orderDate=20180329&orderNo=pt102018032915075206&orderPrice=10.000000&orderTime=20180329150752&payKey=4c52295065654407b42797cda80dd07d&payWayCode=TEST_PAY_HTTP_CLIENT&productName=SHANGPINGMINGCHENG&remark=ZHIFUBEIZHU&tradeStatus=SUCCESS&sign=746A26336581C017D9CA2B74A964398A', '', '88882016071900000003', 'pt102018032915075206', '-1');
INSERT INTO `rp_notify_record_log` VALUES ('4ea608f6a1d942d7ad8792481e24ab00', '0', '2017-12-28 23:36:51', '2017-12-28 23:36:51', 'ca2f96151341480bb148740338883455', 'http://192.168.25.204:8083/roncoo-pay-web-sample-shop/roncooPayNotify/notify?field1=field1&field2=field2&field3=field3&field4=field4&field5=field5&orderDate=20180329&orderNo=pt112018032915074700&orderPrice=10.000000&orderTime=20180329150747&payKey=abcf900288114d5fa7fde764966eb2ff&payWayCode=TEST_PAY_HTTP_CLIENT&productName=SHANGPINGMINGCHENG&remark=ZHIFUBEIZHU&tradeStatus=SUCCESS&sign=50C6C546312864E088C82A6FDF81AECD', '', '88882016072200000005', 'pt112018032915074700', '-1');
INSERT INTO `rp_notify_record_log` VALUES ('4fdbc45668a54e899e0d934d6b01e936', '0', '2017-12-28 23:38:51', '2017-12-28 23:38:51', '5142c610927b4f69a71b96aba17edf58', 'http://192.168.25.204:8083/roncoo-pay-web-sample-shop/roncooPayNotify/notify?field1=field1&field2=field2&field3=field3&field4=field4&field5=field5&orderDate=20180329&orderNo=pt112018032915075003&orderPrice=10.000000&orderTime=20180329150750&payKey=abcf900288114d5fa7fde764966eb2ff&payWayCode=TEST_PAY_HTTP_CLIENT&productName=SHANGPINGMINGCHENG&remark=ZHIFUBEIZHU&tradeStatus=SUCCESS&sign=6139A71531A3A453F30300C6B62CC22C', '', '88882016072200000005', 'pt112018032915075003', '-1');
INSERT INTO `rp_notify_record_log` VALUES ('50002ba2f01044ab80b03dc9813f0b08', '0', '2017-12-28 23:04:40', '2017-12-28 23:04:40', '79ee9c7a13e843dbad2eba70dcddc5df', 'http://192.168.25.204:8083/roncoo-pay-web-sample-shop/roncooPayNotify/notify?field1=field1&field2=field2&field3=field3&field4=field4&field5=field5&orderDate=20180329&orderNo=pt102018032914394000&orderPrice=10.000000&orderTime=20180329143940&payKey=4c52295065654407b42797cda80dd07d&payWayCode=TEST_PAY_HTTP_CLIENT&productName=SHANGPINGMINGCHENG&remark=ZHIFUBEIZHU&tradeStatus=SUCCESS&sign=38196A0113952E79B5B11224F17E38F0', '', '88882016071900000003', 'pt102018032914394000', '200');
INSERT INTO `rp_notify_record_log` VALUES ('509987699b8e4a38b8c1d55771b42a7c', '0', '2017-12-28 23:36:51', '2017-12-28 23:36:51', '09ee8c5ac9234e1d8596b27dc73ea19b', 'http://192.168.25.204:8083/roncoo-pay-web-sample-shop/roncooPayNotify/notify?field1=field1&field2=field2&field3=field3&field4=field4&field5=field5&orderDate=20180329&orderNo=pt102018032915075004&orderPrice=10.000000&orderTime=20180329150750&payKey=4c52295065654407b42797cda80dd07d&payWayCode=TEST_PAY_HTTP_CLIENT&productName=SHANGPINGMINGCHENG&remark=ZHIFUBEIZHU&tradeStatus=SUCCESS&sign=FC502CCBF62B6624662A6B2EC53B1DC3', '', '88882016071900000003', 'pt102018032915075004', '-1');
INSERT INTO `rp_notify_record_log` VALUES ('50c0c2c096ae47eb9bc731447d55f338', '0', '2017-12-28 23:31:50', '2017-12-28 23:31:50', 'a010f87781684f7f9e0e9fdb7e17ceca', 'http://192.168.25.204:8083/roncoo-pay-web-sample-shop/roncooPayNotify/notify?field1=field1&field2=field2&field3=field3&field4=field4&field5=field5&orderDate=20180329&orderNo=pt112018032915075004&orderPrice=10.000000&orderTime=20180329150750&payKey=abcf900288114d5fa7fde764966eb2ff&payWayCode=TEST_PAY_HTTP_CLIENT&productName=SHANGPINGMINGCHENG&remark=ZHIFUBEIZHU&tradeStatus=SUCCESS&sign=B234399A902EB388BA828D5A2764CC58', '', '88882016072200000005', 'pt112018032915075004', '-1');
INSERT INTO `rp_notify_record_log` VALUES ('531db87162b242b39acaaf3860ec1dca', '0', '2017-12-28 23:38:51', '2017-12-28 23:38:51', 'a010f87781684f7f9e0e9fdb7e17ceca', 'http://192.168.25.204:8083/roncoo-pay-web-sample-shop/roncooPayNotify/notify?field1=field1&field2=field2&field3=field3&field4=field4&field5=field5&orderDate=20180329&orderNo=pt112018032915075004&orderPrice=10.000000&orderTime=20180329150750&payKey=abcf900288114d5fa7fde764966eb2ff&payWayCode=TEST_PAY_HTTP_CLIENT&productName=SHANGPINGMINGCHENG&remark=ZHIFUBEIZHU&tradeStatus=SUCCESS&sign=B234399A902EB388BA828D5A2764CC58', '', '88882016072200000005', 'pt112018032915075004', '-1');
INSERT INTO `rp_notify_record_log` VALUES ('5470b047659940709871603f809deb84', '0', '2017-12-28 23:45:51', '2017-12-28 23:45:51', '2bfa3bb705e046b98815c6802baa2a99', 'http://192.168.25.204:8083/roncoo-pay-web-sample-shop/roncooPayNotify/notify?field1=field1&field2=field2&field3=field3&field4=field4&field5=field5&orderDate=20180329&orderNo=pt112018032915075207&orderPrice=10.000000&orderTime=20180329150752&payKey=abcf900288114d5fa7fde764966eb2ff&payWayCode=TEST_PAY_HTTP_CLIENT&productName=SHANGPINGMINGCHENG&remark=ZHIFUBEIZHU&tradeStatus=SUCCESS&sign=33B043C4F1E971EA23C7A9DEF22FBAF8', '', '88882016072200000005', 'pt112018032915075207', '200');
INSERT INTO `rp_notify_record_log` VALUES ('591d7600c9df4f7ab4b5f4ae9a623bc2', '0', '2017-12-28 23:38:50', '2017-12-28 23:38:50', 'ca2f96151341480bb148740338883455', 'http://192.168.25.204:8083/roncoo-pay-web-sample-shop/roncooPayNotify/notify?field1=field1&field2=field2&field3=field3&field4=field4&field5=field5&orderDate=20180329&orderNo=pt112018032915074700&orderPrice=10.000000&orderTime=20180329150747&payKey=abcf900288114d5fa7fde764966eb2ff&payWayCode=TEST_PAY_HTTP_CLIENT&productName=SHANGPINGMINGCHENG&remark=ZHIFUBEIZHU&tradeStatus=SUCCESS&sign=50C6C546312864E088C82A6FDF81AECD', '', '88882016072200000005', 'pt112018032915074700', '-1');
INSERT INTO `rp_notify_record_log` VALUES ('596a9c7bba6a45da9da638e8feaf001c', '0', '2017-12-28 23:45:51', '2017-12-28 23:45:51', '71cb7db78a5a44f5a34f1e136f967131', 'http://192.168.25.204:8083/roncoo-pay-web-sample-shop/roncooPayNotify/notify?field1=field1&field2=field2&field3=field3&field4=field4&field5=field5&orderDate=20180329&orderNo=pt102018032915074801&orderPrice=10.000000&orderTime=20180329150748&payKey=4c52295065654407b42797cda80dd07d&payWayCode=TEST_PAY_HTTP_CLIENT&productName=SHANGPINGMINGCHENG&remark=ZHIFUBEIZHU&tradeStatus=SUCCESS&sign=B43BB6C1E03E48B7F0B5F3B7007BAF6F', '', '88882016071900000003', 'pt102018032915074801', '200');
INSERT INTO `rp_notify_record_log` VALUES ('5a13a2ec637d4c22ab077325655571d1', '0', '2017-12-28 23:41:51', '2017-12-28 23:41:51', '09ee8c5ac9234e1d8596b27dc73ea19b', 'http://192.168.25.204:8083/roncoo-pay-web-sample-shop/roncooPayNotify/notify?field1=field1&field2=field2&field3=field3&field4=field4&field5=field5&orderDate=20180329&orderNo=pt102018032915075004&orderPrice=10.000000&orderTime=20180329150750&payKey=4c52295065654407b42797cda80dd07d&payWayCode=TEST_PAY_HTTP_CLIENT&productName=SHANGPINGMINGCHENG&remark=ZHIFUBEIZHU&tradeStatus=SUCCESS&sign=FC502CCBF62B6624662A6B2EC53B1DC3', '', '88882016071900000003', 'pt102018032915075004', '-1');
INSERT INTO `rp_notify_record_log` VALUES ('5cb09edae182459b85fd2e36b6ba0eb9', '0', '2017-12-28 23:13:40', '2017-12-28 23:13:40', '79ee9c7a13e843dbad2eba70dcddc5df', 'http://192.168.25.204:8083/roncoo-pay-web-sample-shop/roncooPayNotify/notify?field1=field1&field2=field2&field3=field3&field4=field4&field5=field5&orderDate=20180329&orderNo=pt102018032914394000&orderPrice=10.000000&orderTime=20180329143940&payKey=4c52295065654407b42797cda80dd07d&payWayCode=TEST_PAY_HTTP_CLIENT&productName=SHANGPINGMINGCHENG&remark=ZHIFUBEIZHU&tradeStatus=SUCCESS&sign=38196A0113952E79B5B11224F17E38F0', '', '88882016071900000003', 'pt102018032914394000', '200');
INSERT INTO `rp_notify_record_log` VALUES ('5dbb63c102c34faf8fd10a0303e2cb75', '0', '2017-12-28 23:38:51', '2017-12-28 23:38:51', '74c24c9c5f6e4558bb06010bd16415b8', 'http://192.168.25.204:8083/roncoo-pay-web-sample-shop/roncooPayNotify/notify?field1=field1&field2=field2&field3=field3&field4=field4&field5=field5&orderDate=20180329&orderNo=pt112018032915075308&orderPrice=10.000000&orderTime=20180329150753&payKey=abcf900288114d5fa7fde764966eb2ff&payWayCode=TEST_PAY_HTTP_CLIENT&productName=SHANGPINGMINGCHENG&remark=ZHIFUBEIZHU&tradeStatus=SUCCESS&sign=94E7D6EC0784146AC686BB8620F742A9', '', '88882016072200000005', 'pt112018032915075308', '-1');
INSERT INTO `rp_notify_record_log` VALUES ('62df78f354d24e5697b5f202b592963a', '0', '2017-12-28 23:38:50', '2017-12-28 23:38:50', '2d71d9c33c0740f1bae794de3c293f4e', 'http://192.168.25.204:8083/roncoo-pay-web-sample-shop/roncooPayNotify/notify?field1=field1&field2=field2&field3=field3&field4=field4&field5=field5&orderDate=20180329&orderNo=pt102018032915074700&orderPrice=10.000000&orderTime=20180329150747&payKey=4c52295065654407b42797cda80dd07d&payWayCode=TEST_PAY_HTTP_CLIENT&productName=SHANGPINGMINGCHENG&remark=ZHIFUBEIZHU&tradeStatus=SUCCESS&sign=9C91354FA0C9DA6CFFA10612F59C5185', '', '88882016071900000003', 'pt102018032915074700', '-1');
INSERT INTO `rp_notify_record_log` VALUES ('64430033d276468788ec84feaa0b5d23', '0', '2017-12-28 23:38:50', '2017-12-28 23:38:50', '71cb7db78a5a44f5a34f1e136f967131', 'http://192.168.25.204:8083/roncoo-pay-web-sample-shop/roncooPayNotify/notify?field1=field1&field2=field2&field3=field3&field4=field4&field5=field5&orderDate=20180329&orderNo=pt102018032915074801&orderPrice=10.000000&orderTime=20180329150748&payKey=4c52295065654407b42797cda80dd07d&payWayCode=TEST_PAY_HTTP_CLIENT&productName=SHANGPINGMINGCHENG&remark=ZHIFUBEIZHU&tradeStatus=SUCCESS&sign=B43BB6C1E03E48B7F0B5F3B7007BAF6F', '', '88882016071900000003', 'pt102018032915074801', '-1');
INSERT INTO `rp_notify_record_log` VALUES ('64d8b3c47f5c4bc38257346a107e60e9', '0', '2017-12-28 23:45:51', '2017-12-28 23:45:51', '3d13ab448d9e49459e722f7e3ac2f2c0', 'http://192.168.25.204:8083/roncoo-pay-web-sample-shop/roncooPayNotify/notify?field1=field1&field2=field2&field3=field3&field4=field4&field5=field5&orderDate=20180329&orderNo=pt112018032915075105&orderPrice=10.000000&orderTime=20180329150751&payKey=abcf900288114d5fa7fde764966eb2ff&payWayCode=TEST_PAY_HTTP_CLIENT&productName=SHANGPINGMINGCHENG&remark=ZHIFUBEIZHU&tradeStatus=SUCCESS&sign=C6BFE761F8AC314F53C8E5A6C3924361', '', '88882016072200000005', 'pt112018032915075105', '200');
INSERT INTO `rp_notify_record_log` VALUES ('64e35b3d34e149a2afdab18c622947b3', '0', '2017-12-28 23:31:52', '2017-12-28 23:31:52', '2bfa3bb705e046b98815c6802baa2a99', 'http://192.168.25.204:8083/roncoo-pay-web-sample-shop/roncooPayNotify/notify?field1=field1&field2=field2&field3=field3&field4=field4&field5=field5&orderDate=20180329&orderNo=pt112018032915075207&orderPrice=10.000000&orderTime=20180329150752&payKey=abcf900288114d5fa7fde764966eb2ff&payWayCode=TEST_PAY_HTTP_CLIENT&productName=SHANGPINGMINGCHENG&remark=ZHIFUBEIZHU&tradeStatus=SUCCESS&sign=33B043C4F1E971EA23C7A9DEF22FBAF8', '', '88882016072200000005', 'pt112018032915075207', '-1');
INSERT INTO `rp_notify_record_log` VALUES ('68191d5aed6b4af08c929533bd8a5bb0', '0', '2017-12-28 23:31:49', '2017-12-28 23:31:49', '5142c610927b4f69a71b96aba17edf58', 'http://192.168.25.204:8083/roncoo-pay-web-sample-shop/roncooPayNotify/notify?field1=field1&field2=field2&field3=field3&field4=field4&field5=field5&orderDate=20180329&orderNo=pt112018032915075003&orderPrice=10.000000&orderTime=20180329150750&payKey=abcf900288114d5fa7fde764966eb2ff&payWayCode=TEST_PAY_HTTP_CLIENT&productName=SHANGPINGMINGCHENG&remark=ZHIFUBEIZHU&tradeStatus=SUCCESS&sign=6139A71531A3A453F30300C6B62CC22C', '', '88882016072200000005', 'pt112018032915075003', '-1');
INSERT INTO `rp_notify_record_log` VALUES ('6826ac074c614c82ba2329d1a8a02231', '0', '2017-12-28 23:26:09', '2017-12-28 23:26:09', '6138562e373545b6a1ff2d608060d537', 'http://192.168.25.204:8083/roncoo-pay-web-sample-shop/roncooPayNotify/notify?field1=field1&field2=field2&field3=field3&field4=field4&field5=field5&orderDate=20180329&orderNo=pt102018032915011000&orderPrice=10.000000&orderTime=20180329150110&payKey=4c52295065654407b42797cda80dd07d&payWayCode=TEST_PAY_HTTP_CLIENT&productName=SHANGPINGMINGCHENG&remark=ZHIFUBEIZHU&tradeStatus=SUCCESS&sign=1BBB46C3538E7A2F116735806E4D2777', '', '88882016071900000003', 'pt102018032915011000', '-1');
INSERT INTO `rp_notify_record_log` VALUES ('685e1e45efae47479a4469b8f9b4140f', '0', '2017-12-28 23:38:51', '2017-12-28 23:38:51', '398347bc7a68485e95bd0bbca4316556', 'http://192.168.25.204:8083/roncoo-pay-web-sample-shop/roncooPayNotify/notify?field1=field1&field2=field2&field3=field3&field4=field4&field5=field5&orderDate=20180329&orderNo=pt112018032915074902&orderPrice=10.000000&orderTime=20180329150749&payKey=abcf900288114d5fa7fde764966eb2ff&payWayCode=TEST_PAY_HTTP_CLIENT&productName=SHANGPINGMINGCHENG&remark=ZHIFUBEIZHU&tradeStatus=SUCCESS&sign=764DBAA2B9224DD9FB4C0F62D459774F', '', '88882016072200000005', 'pt112018032915074902', '-1');
INSERT INTO `rp_notify_record_log` VALUES ('69eb1f7a276049e8ad6c4ab34325c100', '0', '2017-12-28 23:41:51', '2017-12-28 23:41:51', '8dd0fd52565d4790a3cbee315544254e', 'http://192.168.25.204:8083/roncoo-pay-web-sample-shop/roncooPayNotify/notify?field1=field1&field2=field2&field3=field3&field4=field4&field5=field5&orderDate=20180329&orderNo=pt102018032915075206&orderPrice=10.000000&orderTime=20180329150752&payKey=4c52295065654407b42797cda80dd07d&payWayCode=TEST_PAY_HTTP_CLIENT&productName=SHANGPINGMINGCHENG&remark=ZHIFUBEIZHU&tradeStatus=SUCCESS&sign=746A26336581C017D9CA2B74A964398A', '', '88882016071900000003', 'pt102018032915075206', '-1');
INSERT INTO `rp_notify_record_log` VALUES ('6adbac7bb6ff4a48bbdb4721f7ebc922', '0', '2017-12-28 23:36:51', '2017-12-28 23:36:51', 'c6de6a7568854fddafb70d400a211ee2', 'http://192.168.25.204:8083/roncoo-pay-web-sample-shop/roncooPayNotify/notify?field1=field1&field2=field2&field3=field3&field4=field4&field5=field5&orderDate=20180329&orderNo=pt112018032915075309&orderPrice=10.000000&orderTime=20180329150753&payKey=abcf900288114d5fa7fde764966eb2ff&payWayCode=TEST_PAY_HTTP_CLIENT&productName=SHANGPINGMINGCHENG&remark=ZHIFUBEIZHU&tradeStatus=SUCCESS&sign=C871D789ADC8A5C527B9802A86760D58', '', '88882016072200000005', 'pt112018032915075309', '-1');
INSERT INTO `rp_notify_record_log` VALUES ('6f94244be6d045b1bb0ade863974f0be', '0', '2017-12-28 23:36:51', '2017-12-28 23:36:51', '8dd0fd52565d4790a3cbee315544254e', 'http://192.168.25.204:8083/roncoo-pay-web-sample-shop/roncooPayNotify/notify?field1=field1&field2=field2&field3=field3&field4=field4&field5=field5&orderDate=20180329&orderNo=pt102018032915075206&orderPrice=10.000000&orderTime=20180329150752&payKey=4c52295065654407b42797cda80dd07d&payWayCode=TEST_PAY_HTTP_CLIENT&productName=SHANGPINGMINGCHENG&remark=ZHIFUBEIZHU&tradeStatus=SUCCESS&sign=746A26336581C017D9CA2B74A964398A', '', '88882016071900000003', 'pt102018032915075206', '-1');
INSERT INTO `rp_notify_record_log` VALUES ('701512389e574d02a8ae91b07341f838', '0', '2017-12-28 23:38:51', '2017-12-28 23:38:51', '3548080bc0e944e58d494bb5bacd8e08', 'http://192.168.25.204:8083/roncoo-pay-web-sample-shop/roncooPayNotify/notify?field1=field1&field2=field2&field3=field3&field4=field4&field5=field5&orderDate=20180329&orderNo=pt102018032915074902&orderPrice=10.000000&orderTime=20180329150749&payKey=4c52295065654407b42797cda80dd07d&payWayCode=TEST_PAY_HTTP_CLIENT&productName=SHANGPINGMINGCHENG&remark=ZHIFUBEIZHU&tradeStatus=SUCCESS&sign=9043464E93EE258FE2DF207275128233', '', '88882016071900000003', 'pt102018032915074902', '-1');
INSERT INTO `rp_notify_record_log` VALUES ('7314cfb38ab945d582bea5421853d0b1', '0', '2017-12-28 23:36:51', '2017-12-28 23:36:51', '71cb7db78a5a44f5a34f1e136f967131', 'http://192.168.25.204:8083/roncoo-pay-web-sample-shop/roncooPayNotify/notify?field1=field1&field2=field2&field3=field3&field4=field4&field5=field5&orderDate=20180329&orderNo=pt102018032915074801&orderPrice=10.000000&orderTime=20180329150748&payKey=4c52295065654407b42797cda80dd07d&payWayCode=TEST_PAY_HTTP_CLIENT&productName=SHANGPINGMINGCHENG&remark=ZHIFUBEIZHU&tradeStatus=SUCCESS&sign=B43BB6C1E03E48B7F0B5F3B7007BAF6F', '', '88882016071900000003', 'pt102018032915074801', '-1');
INSERT INTO `rp_notify_record_log` VALUES ('7320f8307e224d299821f6d68e5480b8', '0', '2017-12-28 23:45:51', '2017-12-28 23:45:51', 'c6de6a7568854fddafb70d400a211ee2', 'http://192.168.25.204:8083/roncoo-pay-web-sample-shop/roncooPayNotify/notify?field1=field1&field2=field2&field3=field3&field4=field4&field5=field5&orderDate=20180329&orderNo=pt112018032915075309&orderPrice=10.000000&orderTime=20180329150753&payKey=abcf900288114d5fa7fde764966eb2ff&payWayCode=TEST_PAY_HTTP_CLIENT&productName=SHANGPINGMINGCHENG&remark=ZHIFUBEIZHU&tradeStatus=SUCCESS&sign=C871D789ADC8A5C527B9802A86760D58', '', '88882016072200000005', 'pt112018032915075309', '200');
INSERT INTO `rp_notify_record_log` VALUES ('74bf57b4893b4fa581843f03255d7cd6', '0', '2017-12-28 23:31:51', '2017-12-28 23:31:51', '96035a1de33a49968647cb94003fb6b0', 'http://192.168.25.204:8083/roncoo-pay-web-sample-shop/roncooPayNotify/notify?field1=field1&field2=field2&field3=field3&field4=field4&field5=field5&orderDate=20180329&orderNo=pt112018032915075206&orderPrice=10.000000&orderTime=20180329150752&payKey=abcf900288114d5fa7fde764966eb2ff&payWayCode=TEST_PAY_HTTP_CLIENT&productName=SHANGPINGMINGCHENG&remark=ZHIFUBEIZHU&tradeStatus=SUCCESS&sign=83A34FF6998627C197C8B6051AAF01E9', '', '88882016072200000005', 'pt112018032915075206', '-1');
INSERT INTO `rp_notify_record_log` VALUES ('74fbd8775de444cd83b49abe4bbc5d98', '0', '2017-12-28 23:41:51', '2017-12-28 23:41:51', '398347bc7a68485e95bd0bbca4316556', 'http://192.168.25.204:8083/roncoo-pay-web-sample-shop/roncooPayNotify/notify?field1=field1&field2=field2&field3=field3&field4=field4&field5=field5&orderDate=20180329&orderNo=pt112018032915074902&orderPrice=10.000000&orderTime=20180329150749&payKey=abcf900288114d5fa7fde764966eb2ff&payWayCode=TEST_PAY_HTTP_CLIENT&productName=SHANGPINGMINGCHENG&remark=ZHIFUBEIZHU&tradeStatus=SUCCESS&sign=764DBAA2B9224DD9FB4C0F62D459774F', '', '88882016072200000005', 'pt112018032915074902', '-1');
INSERT INTO `rp_notify_record_log` VALUES ('7755b0b2e9634c6d8bd4e109258d0441', '0', '2017-12-28 23:45:51', '2017-12-28 23:45:51', '84836d5fb3e641288718623f161d815e', 'http://192.168.25.204:8083/roncoo-pay-web-sample-shop/roncooPayNotify/notify?field1=field1&field2=field2&field3=field3&field4=field4&field5=field5&orderDate=20180329&orderNo=pt102018032915075105&orderPrice=10.000000&orderTime=20180329150751&payKey=4c52295065654407b42797cda80dd07d&payWayCode=TEST_PAY_HTTP_CLIENT&productName=SHANGPINGMINGCHENG&remark=ZHIFUBEIZHU&tradeStatus=SUCCESS&sign=8694E178414822B69649358EDDA52817', '', '88882016071900000003', 'pt102018032915075105', '200');
INSERT INTO `rp_notify_record_log` VALUES ('7a7c17d475884084ba572a29f9df6fa6', '0', '2017-12-28 23:45:51', '2017-12-28 23:45:51', '96035a1de33a49968647cb94003fb6b0', 'http://192.168.25.204:8083/roncoo-pay-web-sample-shop/roncooPayNotify/notify?field1=field1&field2=field2&field3=field3&field4=field4&field5=field5&orderDate=20180329&orderNo=pt112018032915075206&orderPrice=10.000000&orderTime=20180329150752&payKey=abcf900288114d5fa7fde764966eb2ff&payWayCode=TEST_PAY_HTTP_CLIENT&productName=SHANGPINGMINGCHENG&remark=ZHIFUBEIZHU&tradeStatus=SUCCESS&sign=83A34FF6998627C197C8B6051AAF01E9', '', '88882016072200000005', 'pt112018032915075206', '200');
INSERT INTO `rp_notify_record_log` VALUES ('7b9d7ce1deef4f39bd4501733df46132', '0', '2017-12-28 23:41:51', '2017-12-28 23:41:51', '3d13ab448d9e49459e722f7e3ac2f2c0', 'http://192.168.25.204:8083/roncoo-pay-web-sample-shop/roncooPayNotify/notify?field1=field1&field2=field2&field3=field3&field4=field4&field5=field5&orderDate=20180329&orderNo=pt112018032915075105&orderPrice=10.000000&orderTime=20180329150751&payKey=abcf900288114d5fa7fde764966eb2ff&payWayCode=TEST_PAY_HTTP_CLIENT&productName=SHANGPINGMINGCHENG&remark=ZHIFUBEIZHU&tradeStatus=SUCCESS&sign=C6BFE761F8AC314F53C8E5A6C3924361', '', '88882016072200000005', 'pt112018032915075105', '-1');
INSERT INTO `rp_notify_record_log` VALUES ('7c47ef1925a34cdea434f081fb218b24', '0', '2017-12-28 23:41:51', '2017-12-28 23:41:51', '3548080bc0e944e58d494bb5bacd8e08', 'http://192.168.25.204:8083/roncoo-pay-web-sample-shop/roncooPayNotify/notify?field1=field1&field2=field2&field3=field3&field4=field4&field5=field5&orderDate=20180329&orderNo=pt102018032915074902&orderPrice=10.000000&orderTime=20180329150749&payKey=4c52295065654407b42797cda80dd07d&payWayCode=TEST_PAY_HTTP_CLIENT&productName=SHANGPINGMINGCHENG&remark=ZHIFUBEIZHU&tradeStatus=SUCCESS&sign=9043464E93EE258FE2DF207275128233', '', '88882016071900000003', 'pt102018032915074902', '-1');
INSERT INTO `rp_notify_record_log` VALUES ('80f1610b43f84d68a8898aaa37ca4f64', '0', '2017-12-28 23:38:51', '2017-12-28 23:38:51', '81f571bc25694f81adc1f2df9f4a9ee1', 'http://192.168.25.204:8083/roncoo-pay-web-sample-shop/roncooPayNotify/notify?field1=field1&field2=field2&field3=field3&field4=field4&field5=field5&orderDate=20180329&orderNo=pt102018032915075003&orderPrice=10.000000&orderTime=20180329150750&payKey=4c52295065654407b42797cda80dd07d&payWayCode=TEST_PAY_HTTP_CLIENT&productName=SHANGPINGMINGCHENG&remark=ZHIFUBEIZHU&tradeStatus=SUCCESS&sign=44BA2AE8F827D534CE85D26A21F859A5', '', '88882016071900000003', 'pt102018032915075003', '-1');
INSERT INTO `rp_notify_record_log` VALUES ('82a0d3818dc34673a85db45aadd81a4f', '0', '2017-12-28 23:41:51', '2017-12-28 23:41:51', '84836d5fb3e641288718623f161d815e', 'http://192.168.25.204:8083/roncoo-pay-web-sample-shop/roncooPayNotify/notify?field1=field1&field2=field2&field3=field3&field4=field4&field5=field5&orderDate=20180329&orderNo=pt102018032915075105&orderPrice=10.000000&orderTime=20180329150751&payKey=4c52295065654407b42797cda80dd07d&payWayCode=TEST_PAY_HTTP_CLIENT&productName=SHANGPINGMINGCHENG&remark=ZHIFUBEIZHU&tradeStatus=SUCCESS&sign=8694E178414822B69649358EDDA52817', '', '88882016071900000003', 'pt102018032915075105', '-1');
INSERT INTO `rp_notify_record_log` VALUES ('840acab7ac0f4ac3a6683d8367d33b58', '0', '2017-12-28 23:38:51', '2017-12-28 23:38:51', 'c6de6a7568854fddafb70d400a211ee2', 'http://192.168.25.204:8083/roncoo-pay-web-sample-shop/roncooPayNotify/notify?field1=field1&field2=field2&field3=field3&field4=field4&field5=field5&orderDate=20180329&orderNo=pt112018032915075309&orderPrice=10.000000&orderTime=20180329150753&payKey=abcf900288114d5fa7fde764966eb2ff&payWayCode=TEST_PAY_HTTP_CLIENT&productName=SHANGPINGMINGCHENG&remark=ZHIFUBEIZHU&tradeStatus=SUCCESS&sign=C871D789ADC8A5C527B9802A86760D58', '', '88882016072200000005', 'pt112018032915075309', '-1');
INSERT INTO `rp_notify_record_log` VALUES ('89e118daa51e4914aab725ae5bfb09d6', '0', '2017-12-28 23:41:51', '2017-12-28 23:41:51', '2bfa3bb705e046b98815c6802baa2a99', 'http://192.168.25.204:8083/roncoo-pay-web-sample-shop/roncooPayNotify/notify?field1=field1&field2=field2&field3=field3&field4=field4&field5=field5&orderDate=20180329&orderNo=pt112018032915075207&orderPrice=10.000000&orderTime=20180329150752&payKey=abcf900288114d5fa7fde764966eb2ff&payWayCode=TEST_PAY_HTTP_CLIENT&productName=SHANGPINGMINGCHENG&remark=ZHIFUBEIZHU&tradeStatus=SUCCESS&sign=33B043C4F1E971EA23C7A9DEF22FBAF8', '', '88882016072200000005', 'pt112018032915075207', '-1');
INSERT INTO `rp_notify_record_log` VALUES ('8bf90d6d82e241b38b7796418e8f2eb9', '0', '2017-12-28 23:36:51', '2017-12-28 23:36:51', '5d11348e852045c9a144da72c2b56138', 'http://192.168.25.204:8083/roncoo-pay-web-sample-shop/roncooPayNotify/notify?field1=field1&field2=field2&field3=field3&field4=field4&field5=field5&orderDate=20180329&orderNo=pt102018032915075308&orderPrice=10.000000&orderTime=20180329150753&payKey=4c52295065654407b42797cda80dd07d&payWayCode=TEST_PAY_HTTP_CLIENT&productName=SHANGPINGMINGCHENG&remark=ZHIFUBEIZHU&tradeStatus=SUCCESS&sign=A794AD2E38C5A07B3289BE09A673B516', '', '88882016071900000003', 'pt102018032915075308', '-1');
INSERT INTO `rp_notify_record_log` VALUES ('8c31ed322049420d8b59ca95d8c5d681', '0', '2017-12-28 23:31:53', '2017-12-28 23:31:53', '14c0dca445df49bf953a7a8dcc4204e0', 'http://192.168.25.204:8083/roncoo-pay-web-sample-shop/roncooPayNotify/notify?field1=field1&field2=field2&field3=field3&field4=field4&field5=field5&orderDate=20180329&orderNo=pt1020180329150754010&orderPrice=10.000000&orderTime=20180329150754&payKey=4c52295065654407b42797cda80dd07d&payWayCode=TEST_PAY_HTTP_CLIENT&productName=SHANGPINGMINGCHENG&remark=ZHIFUBEIZHU&tradeStatus=SUCCESS&sign=FB3BCC07061D444C9933BD4FBBCE45E2', '', '88882016071900000003', 'pt1020180329150754010', '-1');
INSERT INTO `rp_notify_record_log` VALUES ('8cd8a7e63e9d4b4a873dcfd2106f019e', '0', '2017-12-28 23:45:51', '2017-12-28 23:45:51', '2d71d9c33c0740f1bae794de3c293f4e', 'http://192.168.25.204:8083/roncoo-pay-web-sample-shop/roncooPayNotify/notify?field1=field1&field2=field2&field3=field3&field4=field4&field5=field5&orderDate=20180329&orderNo=pt102018032915074700&orderPrice=10.000000&orderTime=20180329150747&payKey=4c52295065654407b42797cda80dd07d&payWayCode=TEST_PAY_HTTP_CLIENT&productName=SHANGPINGMINGCHENG&remark=ZHIFUBEIZHU&tradeStatus=SUCCESS&sign=9C91354FA0C9DA6CFFA10612F59C5185', '', '88882016071900000003', 'pt102018032915074700', '200');
INSERT INTO `rp_notify_record_log` VALUES ('8e29d130fef649758cf0b4f22afa9a80', '0', '2017-12-28 23:38:51', '2017-12-28 23:38:51', '739499ea32ab4031adf8eb68f331b4d4', 'http://192.168.25.204:8083/roncoo-pay-web-sample-shop/roncooPayNotify/notify?field1=field1&field2=field2&field3=field3&field4=field4&field5=field5&orderDate=20180329&orderNo=pt102018032915075207&orderPrice=10.000000&orderTime=20180329150752&payKey=4c52295065654407b42797cda80dd07d&payWayCode=TEST_PAY_HTTP_CLIENT&productName=SHANGPINGMINGCHENG&remark=ZHIFUBEIZHU&tradeStatus=SUCCESS&sign=2227699E9C923AF0F07C9E7137CF0573', '', '88882016071900000003', 'pt102018032915075207', '-1');
INSERT INTO `rp_notify_record_log` VALUES ('92a5a9355b5d4a2d910ea23218ce62b6', '0', '2017-12-28 23:38:51', '2017-12-28 23:38:51', '9fe3ba6bfd554568a910666523b05775', 'http://192.168.25.204:8083/roncoo-pay-web-sample-shop/roncooPayNotify/notify?field1=field1&field2=field2&field3=field3&field4=field4&field5=field5&orderDate=20180329&orderNo=pt102018032915075309&orderPrice=10.000000&orderTime=20180329150753&payKey=4c52295065654407b42797cda80dd07d&payWayCode=TEST_PAY_HTTP_CLIENT&productName=SHANGPINGMINGCHENG&remark=ZHIFUBEIZHU&tradeStatus=SUCCESS&sign=3CEB5202DB811B25847D7BDE2964BA77', '', '88882016071900000003', 'pt102018032915075309', '-1');
INSERT INTO `rp_notify_record_log` VALUES ('92f675c87d0f43f7807d32fe7835bbad', '0', '2017-12-28 23:45:51', '2017-12-28 23:45:51', 'a010f87781684f7f9e0e9fdb7e17ceca', 'http://192.168.25.204:8083/roncoo-pay-web-sample-shop/roncooPayNotify/notify?field1=field1&field2=field2&field3=field3&field4=field4&field5=field5&orderDate=20180329&orderNo=pt112018032915075004&orderPrice=10.000000&orderTime=20180329150750&payKey=abcf900288114d5fa7fde764966eb2ff&payWayCode=TEST_PAY_HTTP_CLIENT&productName=SHANGPINGMINGCHENG&remark=ZHIFUBEIZHU&tradeStatus=SUCCESS&sign=B234399A902EB388BA828D5A2764CC58', '', '88882016072200000005', 'pt112018032915075004', '200');
INSERT INTO `rp_notify_record_log` VALUES ('94a84a235a484044a8abde5545a01da7', '0', '2017-12-28 23:45:51', '2017-12-28 23:45:51', '31bcb1b01493474ebe8da8a273f3a46c', 'http://192.168.25.204:8083/roncoo-pay-web-sample-shop/roncooPayNotify/notify?field1=field1&field2=field2&field3=field3&field4=field4&field5=field5&orderDate=20180329&orderNo=pt112018032915074801&orderPrice=10.000000&orderTime=20180329150748&payKey=abcf900288114d5fa7fde764966eb2ff&payWayCode=TEST_PAY_HTTP_CLIENT&productName=SHANGPINGMINGCHENG&remark=ZHIFUBEIZHU&tradeStatus=SUCCESS&sign=8C6440EA984C82981860E59ABF8D2994', '', '88882016072200000005', 'pt112018032915074801', '200');
INSERT INTO `rp_notify_record_log` VALUES ('98fce012039c4caa84a004e90cfd984f', '0', '2017-12-28 23:31:49', '2017-12-28 23:31:49', '398347bc7a68485e95bd0bbca4316556', 'http://192.168.25.204:8083/roncoo-pay-web-sample-shop/roncooPayNotify/notify?field1=field1&field2=field2&field3=field3&field4=field4&field5=field5&orderDate=20180329&orderNo=pt112018032915074902&orderPrice=10.000000&orderTime=20180329150749&payKey=abcf900288114d5fa7fde764966eb2ff&payWayCode=TEST_PAY_HTTP_CLIENT&productName=SHANGPINGMINGCHENG&remark=ZHIFUBEIZHU&tradeStatus=SUCCESS&sign=764DBAA2B9224DD9FB4C0F62D459774F', '', '88882016072200000005', 'pt112018032915074902', '-1');
INSERT INTO `rp_notify_record_log` VALUES ('9ba9661c54434e34b8b06baa88913be5', '0', '2017-12-28 23:06:40', '2017-12-28 23:06:40', '79ee9c7a13e843dbad2eba70dcddc5df', 'http://192.168.25.204:8083/roncoo-pay-web-sample-shop/roncooPayNotify/notify?field1=field1&field2=field2&field3=field3&field4=field4&field5=field5&orderDate=20180329&orderNo=pt102018032914394000&orderPrice=10.000000&orderTime=20180329143940&payKey=4c52295065654407b42797cda80dd07d&payWayCode=TEST_PAY_HTTP_CLIENT&productName=SHANGPINGMINGCHENG&remark=ZHIFUBEIZHU&tradeStatus=SUCCESS&sign=38196A0113952E79B5B11224F17E38F0', '', '88882016071900000003', 'pt102018032914394000', '200');
INSERT INTO `rp_notify_record_log` VALUES ('a0eb9dcb985c4302a48880b582423a40', '0', '2017-12-28 23:31:48', '2017-12-28 23:31:48', '71cb7db78a5a44f5a34f1e136f967131', 'http://192.168.25.204:8083/roncoo-pay-web-sample-shop/roncooPayNotify/notify?field1=field1&field2=field2&field3=field3&field4=field4&field5=field5&orderDate=20180329&orderNo=pt102018032915074801&orderPrice=10.000000&orderTime=20180329150748&payKey=4c52295065654407b42797cda80dd07d&payWayCode=TEST_PAY_HTTP_CLIENT&productName=SHANGPINGMINGCHENG&remark=ZHIFUBEIZHU&tradeStatus=SUCCESS&sign=B43BB6C1E03E48B7F0B5F3B7007BAF6F', '', '88882016071900000003', 'pt102018032915074801', '-1');
INSERT INTO `rp_notify_record_log` VALUES ('a3498bf73fd94118b6c5d60a9e46329f', '0', '2017-12-28 23:41:51', '2017-12-28 23:41:51', 'a010f87781684f7f9e0e9fdb7e17ceca', 'http://192.168.25.204:8083/roncoo-pay-web-sample-shop/roncooPayNotify/notify?field1=field1&field2=field2&field3=field3&field4=field4&field5=field5&orderDate=20180329&orderNo=pt112018032915075004&orderPrice=10.000000&orderTime=20180329150750&payKey=abcf900288114d5fa7fde764966eb2ff&payWayCode=TEST_PAY_HTTP_CLIENT&productName=SHANGPINGMINGCHENG&remark=ZHIFUBEIZHU&tradeStatus=SUCCESS&sign=B234399A902EB388BA828D5A2764CC58', '', '88882016072200000005', 'pt112018032915075004', '-1');
INSERT INTO `rp_notify_record_log` VALUES ('a42f80aeca72488eaad28c4d09fb2016', '0', '2017-12-28 23:25:09', '2017-12-28 23:25:09', '6138562e373545b6a1ff2d608060d537', 'http://192.168.25.204:8083/roncoo-pay-web-sample-shop/roncooPayNotify/notify?field1=field1&field2=field2&field3=field3&field4=field4&field5=field5&orderDate=20180329&orderNo=pt102018032915011000&orderPrice=10.000000&orderTime=20180329150110&payKey=4c52295065654407b42797cda80dd07d&payWayCode=TEST_PAY_HTTP_CLIENT&productName=SHANGPINGMINGCHENG&remark=ZHIFUBEIZHU&tradeStatus=SUCCESS&sign=1BBB46C3538E7A2F116735806E4D2777', '', '88882016071900000003', 'pt102018032915011000', '-1');
INSERT INTO `rp_notify_record_log` VALUES ('a7424b345be5447786bd06e2ed7e3648', '0', '2017-12-28 23:36:51', '2017-12-28 23:36:51', '3548080bc0e944e58d494bb5bacd8e08', 'http://192.168.25.204:8083/roncoo-pay-web-sample-shop/roncooPayNotify/notify?field1=field1&field2=field2&field3=field3&field4=field4&field5=field5&orderDate=20180329&orderNo=pt102018032915074902&orderPrice=10.000000&orderTime=20180329150749&payKey=4c52295065654407b42797cda80dd07d&payWayCode=TEST_PAY_HTTP_CLIENT&productName=SHANGPINGMINGCHENG&remark=ZHIFUBEIZHU&tradeStatus=SUCCESS&sign=9043464E93EE258FE2DF207275128233', '', '88882016071900000003', 'pt102018032915074902', '-1');
INSERT INTO `rp_notify_record_log` VALUES ('a80bc9db6ff04eac80c8191f655b9e37', '0', '2017-12-28 23:41:50', '2017-12-28 23:41:50', '71cb7db78a5a44f5a34f1e136f967131', 'http://192.168.25.204:8083/roncoo-pay-web-sample-shop/roncooPayNotify/notify?field1=field1&field2=field2&field3=field3&field4=field4&field5=field5&orderDate=20180329&orderNo=pt102018032915074801&orderPrice=10.000000&orderTime=20180329150748&payKey=4c52295065654407b42797cda80dd07d&payWayCode=TEST_PAY_HTTP_CLIENT&productName=SHANGPINGMINGCHENG&remark=ZHIFUBEIZHU&tradeStatus=SUCCESS&sign=B43BB6C1E03E48B7F0B5F3B7007BAF6F', '', '88882016071900000003', 'pt102018032915074801', '-1');
INSERT INTO `rp_notify_record_log` VALUES ('afbe080e424948a4bb52366d831ece8a', '0', '2017-12-28 23:36:51', '2017-12-28 23:36:51', '5142c610927b4f69a71b96aba17edf58', 'http://192.168.25.204:8083/roncoo-pay-web-sample-shop/roncooPayNotify/notify?field1=field1&field2=field2&field3=field3&field4=field4&field5=field5&orderDate=20180329&orderNo=pt112018032915075003&orderPrice=10.000000&orderTime=20180329150750&payKey=abcf900288114d5fa7fde764966eb2ff&payWayCode=TEST_PAY_HTTP_CLIENT&productName=SHANGPINGMINGCHENG&remark=ZHIFUBEIZHU&tradeStatus=SUCCESS&sign=6139A71531A3A453F30300C6B62CC22C', '', '88882016072200000005', 'pt112018032915075003', '-1');
INSERT INTO `rp_notify_record_log` VALUES ('b07b2b8cf4b44099bd2e41c0559612c2', '0', '2017-12-28 23:41:50', '2017-12-28 23:41:50', '2d71d9c33c0740f1bae794de3c293f4e', 'http://192.168.25.204:8083/roncoo-pay-web-sample-shop/roncooPayNotify/notify?field1=field1&field2=field2&field3=field3&field4=field4&field5=field5&orderDate=20180329&orderNo=pt102018032915074700&orderPrice=10.000000&orderTime=20180329150747&payKey=4c52295065654407b42797cda80dd07d&payWayCode=TEST_PAY_HTTP_CLIENT&productName=SHANGPINGMINGCHENG&remark=ZHIFUBEIZHU&tradeStatus=SUCCESS&sign=9C91354FA0C9DA6CFFA10612F59C5185', '', '88882016071900000003', 'pt102018032915074700', '-1');
INSERT INTO `rp_notify_record_log` VALUES ('b1d68faacff7468c940a80958a4498a9', '0', '2017-12-28 23:36:51', '2017-12-28 23:36:51', '74c24c9c5f6e4558bb06010bd16415b8', 'http://192.168.25.204:8083/roncoo-pay-web-sample-shop/roncooPayNotify/notify?field1=field1&field2=field2&field3=field3&field4=field4&field5=field5&orderDate=20180329&orderNo=pt112018032915075308&orderPrice=10.000000&orderTime=20180329150753&payKey=abcf900288114d5fa7fde764966eb2ff&payWayCode=TEST_PAY_HTTP_CLIENT&productName=SHANGPINGMINGCHENG&remark=ZHIFUBEIZHU&tradeStatus=SUCCESS&sign=94E7D6EC0784146AC686BB8620F742A9', '', '88882016072200000005', 'pt112018032915075308', '-1');
INSERT INTO `rp_notify_record_log` VALUES ('b3a1d5d8c2aa4ec0ab51b1e72c78f697', '0', '2017-12-28 23:36:51', '2017-12-28 23:36:51', '398347bc7a68485e95bd0bbca4316556', 'http://192.168.25.204:8083/roncoo-pay-web-sample-shop/roncooPayNotify/notify?field1=field1&field2=field2&field3=field3&field4=field4&field5=field5&orderDate=20180329&orderNo=pt112018032915074902&orderPrice=10.000000&orderTime=20180329150749&payKey=abcf900288114d5fa7fde764966eb2ff&payWayCode=TEST_PAY_HTTP_CLIENT&productName=SHANGPINGMINGCHENG&remark=ZHIFUBEIZHU&tradeStatus=SUCCESS&sign=764DBAA2B9224DD9FB4C0F62D459774F', '', '88882016072200000005', 'pt112018032915074902', '-1');
INSERT INTO `rp_notify_record_log` VALUES ('b4dbba98e423421a989b2b0e1035b0c5', '0', '2017-12-28 23:41:51', '2017-12-28 23:41:51', '14c0dca445df49bf953a7a8dcc4204e0', 'http://192.168.25.204:8083/roncoo-pay-web-sample-shop/roncooPayNotify/notify?field1=field1&field2=field2&field3=field3&field4=field4&field5=field5&orderDate=20180329&orderNo=pt1020180329150754010&orderPrice=10.000000&orderTime=20180329150754&payKey=4c52295065654407b42797cda80dd07d&payWayCode=TEST_PAY_HTTP_CLIENT&productName=SHANGPINGMINGCHENG&remark=ZHIFUBEIZHU&tradeStatus=SUCCESS&sign=FB3BCC07061D444C9933BD4FBBCE45E2', '', '88882016071900000003', 'pt1020180329150754010', '-1');
INSERT INTO `rp_notify_record_log` VALUES ('b5ef970a6d014333bb1483127ce4a415', '0', '2017-12-28 23:31:49', '2017-12-28 23:31:49', '3548080bc0e944e58d494bb5bacd8e08', 'http://192.168.25.204:8083/roncoo-pay-web-sample-shop/roncooPayNotify/notify?field1=field1&field2=field2&field3=field3&field4=field4&field5=field5&orderDate=20180329&orderNo=pt102018032915074902&orderPrice=10.000000&orderTime=20180329150749&payKey=4c52295065654407b42797cda80dd07d&payWayCode=TEST_PAY_HTTP_CLIENT&productName=SHANGPINGMINGCHENG&remark=ZHIFUBEIZHU&tradeStatus=SUCCESS&sign=9043464E93EE258FE2DF207275128233', '', '88882016071900000003', 'pt102018032915074902', '-1');
INSERT INTO `rp_notify_record_log` VALUES ('bf6fb2d89f9047ceb6ce17d3d47e54d8', '0', '2017-12-28 23:36:51', '2017-12-28 23:36:51', '9fe3ba6bfd554568a910666523b05775', 'http://192.168.25.204:8083/roncoo-pay-web-sample-shop/roncooPayNotify/notify?field1=field1&field2=field2&field3=field3&field4=field4&field5=field5&orderDate=20180329&orderNo=pt102018032915075309&orderPrice=10.000000&orderTime=20180329150753&payKey=4c52295065654407b42797cda80dd07d&payWayCode=TEST_PAY_HTTP_CLIENT&productName=SHANGPINGMINGCHENG&remark=ZHIFUBEIZHU&tradeStatus=SUCCESS&sign=3CEB5202DB811B25847D7BDE2964BA77', '', '88882016071900000003', 'pt102018032915075309', '-1');
INSERT INTO `rp_notify_record_log` VALUES ('bfce0af65fe44382907e585645089e27', '0', '2017-12-28 23:41:51', '2017-12-28 23:41:51', '96035a1de33a49968647cb94003fb6b0', 'http://192.168.25.204:8083/roncoo-pay-web-sample-shop/roncooPayNotify/notify?field1=field1&field2=field2&field3=field3&field4=field4&field5=field5&orderDate=20180329&orderNo=pt112018032915075206&orderPrice=10.000000&orderTime=20180329150752&payKey=abcf900288114d5fa7fde764966eb2ff&payWayCode=TEST_PAY_HTTP_CLIENT&productName=SHANGPINGMINGCHENG&remark=ZHIFUBEIZHU&tradeStatus=SUCCESS&sign=83A34FF6998627C197C8B6051AAF01E9', '', '88882016072200000005', 'pt112018032915075206', '-1');
INSERT INTO `rp_notify_record_log` VALUES ('c050401cd76440b9affa0b8b5aa85e60', '0', '2017-12-28 23:31:48', '2017-12-28 23:31:48', 'ca2f96151341480bb148740338883455', 'http://192.168.25.204:8083/roncoo-pay-web-sample-shop/roncooPayNotify/notify?field1=field1&field2=field2&field3=field3&field4=field4&field5=field5&orderDate=20180329&orderNo=pt112018032915074700&orderPrice=10.000000&orderTime=20180329150747&payKey=abcf900288114d5fa7fde764966eb2ff&payWayCode=TEST_PAY_HTTP_CLIENT&productName=SHANGPINGMINGCHENG&remark=ZHIFUBEIZHU&tradeStatus=SUCCESS&sign=50C6C546312864E088C82A6FDF81AECD', '', '88882016072200000005', 'pt112018032915074700', '-1');
INSERT INTO `rp_notify_record_log` VALUES ('c254064fff99443289fef38fb9d6e2ec', '0', '2017-12-28 23:38:51', '2017-12-28 23:38:51', '84836d5fb3e641288718623f161d815e', 'http://192.168.25.204:8083/roncoo-pay-web-sample-shop/roncooPayNotify/notify?field1=field1&field2=field2&field3=field3&field4=field4&field5=field5&orderDate=20180329&orderNo=pt102018032915075105&orderPrice=10.000000&orderTime=20180329150751&payKey=4c52295065654407b42797cda80dd07d&payWayCode=TEST_PAY_HTTP_CLIENT&productName=SHANGPINGMINGCHENG&remark=ZHIFUBEIZHU&tradeStatus=SUCCESS&sign=8694E178414822B69649358EDDA52817', '', '88882016071900000003', 'pt102018032915075105', '-1');
INSERT INTO `rp_notify_record_log` VALUES ('c5f32084c67d4210be9f647f743ccba2', '0', '2017-12-28 23:41:51', '2017-12-28 23:41:51', '9fe3ba6bfd554568a910666523b05775', 'http://192.168.25.204:8083/roncoo-pay-web-sample-shop/roncooPayNotify/notify?field1=field1&field2=field2&field3=field3&field4=field4&field5=field5&orderDate=20180329&orderNo=pt102018032915075309&orderPrice=10.000000&orderTime=20180329150753&payKey=4c52295065654407b42797cda80dd07d&payWayCode=TEST_PAY_HTTP_CLIENT&productName=SHANGPINGMINGCHENG&remark=ZHIFUBEIZHU&tradeStatus=SUCCESS&sign=3CEB5202DB811B25847D7BDE2964BA77', '', '88882016071900000003', 'pt102018032915075309', '-1');
INSERT INTO `rp_notify_record_log` VALUES ('cb25ca4063484def817955894c7fd40d', '0', '2017-12-28 23:31:53', '2017-12-28 23:31:53', 'c6de6a7568854fddafb70d400a211ee2', 'http://192.168.25.204:8083/roncoo-pay-web-sample-shop/roncooPayNotify/notify?field1=field1&field2=field2&field3=field3&field4=field4&field5=field5&orderDate=20180329&orderNo=pt112018032915075309&orderPrice=10.000000&orderTime=20180329150753&payKey=abcf900288114d5fa7fde764966eb2ff&payWayCode=TEST_PAY_HTTP_CLIENT&productName=SHANGPINGMINGCHENG&remark=ZHIFUBEIZHU&tradeStatus=SUCCESS&sign=C871D789ADC8A5C527B9802A86760D58', '', '88882016072200000005', 'pt112018032915075309', '-1');
INSERT INTO `rp_notify_record_log` VALUES ('cbd75c32133b49169d15afbc94538763', '0', '2017-12-28 23:41:51', '2017-12-28 23:41:51', '74c24c9c5f6e4558bb06010bd16415b8', 'http://192.168.25.204:8083/roncoo-pay-web-sample-shop/roncooPayNotify/notify?field1=field1&field2=field2&field3=field3&field4=field4&field5=field5&orderDate=20180329&orderNo=pt112018032915075308&orderPrice=10.000000&orderTime=20180329150753&payKey=abcf900288114d5fa7fde764966eb2ff&payWayCode=TEST_PAY_HTTP_CLIENT&productName=SHANGPINGMINGCHENG&remark=ZHIFUBEIZHU&tradeStatus=SUCCESS&sign=94E7D6EC0784146AC686BB8620F742A9', '', '88882016072200000005', 'pt112018032915075308', '-1');
INSERT INTO `rp_notify_record_log` VALUES ('cd2f8b6f530d4e7a975e207b7067e066', '0', '2017-12-28 23:38:51', '2017-12-28 23:38:51', '3d13ab448d9e49459e722f7e3ac2f2c0', 'http://192.168.25.204:8083/roncoo-pay-web-sample-shop/roncooPayNotify/notify?field1=field1&field2=field2&field3=field3&field4=field4&field5=field5&orderDate=20180329&orderNo=pt112018032915075105&orderPrice=10.000000&orderTime=20180329150751&payKey=abcf900288114d5fa7fde764966eb2ff&payWayCode=TEST_PAY_HTTP_CLIENT&productName=SHANGPINGMINGCHENG&remark=ZHIFUBEIZHU&tradeStatus=SUCCESS&sign=C6BFE761F8AC314F53C8E5A6C3924361', '', '88882016072200000005', 'pt112018032915075105', '-1');
INSERT INTO `rp_notify_record_log` VALUES ('ce1f5c898a6a457fab02e1228aad73e6', '0', '2017-12-28 23:31:48', '2017-12-28 23:31:48', '31bcb1b01493474ebe8da8a273f3a46c', 'http://192.168.25.204:8083/roncoo-pay-web-sample-shop/roncooPayNotify/notify?field1=field1&field2=field2&field3=field3&field4=field4&field5=field5&orderDate=20180329&orderNo=pt112018032915074801&orderPrice=10.000000&orderTime=20180329150748&payKey=abcf900288114d5fa7fde764966eb2ff&payWayCode=TEST_PAY_HTTP_CLIENT&productName=SHANGPINGMINGCHENG&remark=ZHIFUBEIZHU&tradeStatus=SUCCESS&sign=8C6440EA984C82981860E59ABF8D2994', '', '88882016072200000005', 'pt112018032915074801', '-1');
INSERT INTO `rp_notify_record_log` VALUES ('d2948d67db8e4a838242d1f9ef848e9f', '0', '2017-12-28 23:09:40', '2017-12-28 23:09:40', '79ee9c7a13e843dbad2eba70dcddc5df', 'http://192.168.25.204:8083/roncoo-pay-web-sample-shop/roncooPayNotify/notify?field1=field1&field2=field2&field3=field3&field4=field4&field5=field5&orderDate=20180329&orderNo=pt102018032914394000&orderPrice=10.000000&orderTime=20180329143940&payKey=4c52295065654407b42797cda80dd07d&payWayCode=TEST_PAY_HTTP_CLIENT&productName=SHANGPINGMINGCHENG&remark=ZHIFUBEIZHU&tradeStatus=SUCCESS&sign=38196A0113952E79B5B11224F17E38F0', '', '88882016071900000003', 'pt102018032914394000', '200');
INSERT INTO `rp_notify_record_log` VALUES ('d6db10fcb98e424d974bd39526ed73b0', '0', '2017-12-28 23:45:51', '2017-12-28 23:45:51', '14c0dca445df49bf953a7a8dcc4204e0', 'http://192.168.25.204:8083/roncoo-pay-web-sample-shop/roncooPayNotify/notify?field1=field1&field2=field2&field3=field3&field4=field4&field5=field5&orderDate=20180329&orderNo=pt1020180329150754010&orderPrice=10.000000&orderTime=20180329150754&payKey=4c52295065654407b42797cda80dd07d&payWayCode=TEST_PAY_HTTP_CLIENT&productName=SHANGPINGMINGCHENG&remark=ZHIFUBEIZHU&tradeStatus=SUCCESS&sign=FB3BCC07061D444C9933BD4FBBCE45E2', '', '88882016071900000003', 'pt1020180329150754010', '200');
INSERT INTO `rp_notify_record_log` VALUES ('da844a8fa37048d08c158a2dc6d44f1d', '0', '2017-12-28 23:45:51', '2017-12-28 23:45:51', '3548080bc0e944e58d494bb5bacd8e08', 'http://192.168.25.204:8083/roncoo-pay-web-sample-shop/roncooPayNotify/notify?field1=field1&field2=field2&field3=field3&field4=field4&field5=field5&orderDate=20180329&orderNo=pt102018032915074902&orderPrice=10.000000&orderTime=20180329150749&payKey=4c52295065654407b42797cda80dd07d&payWayCode=TEST_PAY_HTTP_CLIENT&productName=SHANGPINGMINGCHENG&remark=ZHIFUBEIZHU&tradeStatus=SUCCESS&sign=9043464E93EE258FE2DF207275128233', '', '88882016071900000003', 'pt102018032915074902', '200');
INSERT INTO `rp_notify_record_log` VALUES ('e058ae7281364b6b8b09b410cfef5755', '0', '2017-12-28 23:36:51', '2017-12-28 23:36:51', '31bcb1b01493474ebe8da8a273f3a46c', 'http://192.168.25.204:8083/roncoo-pay-web-sample-shop/roncooPayNotify/notify?field1=field1&field2=field2&field3=field3&field4=field4&field5=field5&orderDate=20180329&orderNo=pt112018032915074801&orderPrice=10.000000&orderTime=20180329150748&payKey=abcf900288114d5fa7fde764966eb2ff&payWayCode=TEST_PAY_HTTP_CLIENT&productName=SHANGPINGMINGCHENG&remark=ZHIFUBEIZHU&tradeStatus=SUCCESS&sign=8C6440EA984C82981860E59ABF8D2994', '', '88882016072200000005', 'pt112018032915074801', '-1');
INSERT INTO `rp_notify_record_log` VALUES ('e18adb469735449d92e2c3d37f97a8c4', '0', '2017-12-28 23:45:51', '2017-12-28 23:45:51', 'ca2f96151341480bb148740338883455', 'http://192.168.25.204:8083/roncoo-pay-web-sample-shop/roncooPayNotify/notify?field1=field1&field2=field2&field3=field3&field4=field4&field5=field5&orderDate=20180329&orderNo=pt112018032915074700&orderPrice=10.000000&orderTime=20180329150747&payKey=abcf900288114d5fa7fde764966eb2ff&payWayCode=TEST_PAY_HTTP_CLIENT&productName=SHANGPINGMINGCHENG&remark=ZHIFUBEIZHU&tradeStatus=SUCCESS&sign=50C6C546312864E088C82A6FDF81AECD', '', '88882016072200000005', 'pt112018032915074700', '200');
INSERT INTO `rp_notify_record_log` VALUES ('e42a43c801aa474ba2ad78bd198072e3', '0', '2017-12-28 23:36:51', '2017-12-28 23:36:51', '6138562e373545b6a1ff2d608060d537', 'http://192.168.25.204:8083/roncoo-pay-web-sample-shop/roncooPayNotify/notify?field1=field1&field2=field2&field3=field3&field4=field4&field5=field5&orderDate=20180329&orderNo=pt102018032915011000&orderPrice=10.000000&orderTime=20180329150110&payKey=4c52295065654407b42797cda80dd07d&payWayCode=TEST_PAY_HTTP_CLIENT&productName=SHANGPINGMINGCHENG&remark=ZHIFUBEIZHU&tradeStatus=SUCCESS&sign=1BBB46C3538E7A2F116735806E4D2777', '', '88882016071900000003', 'pt102018032915011000', '-1');
INSERT INTO `rp_notify_record_log` VALUES ('e6221800a71943a6b5b580e7cb7a73e9', '0', '2017-12-28 23:41:51', '2017-12-28 23:41:51', 'c6de6a7568854fddafb70d400a211ee2', 'http://192.168.25.204:8083/roncoo-pay-web-sample-shop/roncooPayNotify/notify?field1=field1&field2=field2&field3=field3&field4=field4&field5=field5&orderDate=20180329&orderNo=pt112018032915075309&orderPrice=10.000000&orderTime=20180329150753&payKey=abcf900288114d5fa7fde764966eb2ff&payWayCode=TEST_PAY_HTTP_CLIENT&productName=SHANGPINGMINGCHENG&remark=ZHIFUBEIZHU&tradeStatus=SUCCESS&sign=C871D789ADC8A5C527B9802A86760D58', '', '88882016072200000005', 'pt112018032915075309', '-1');
INSERT INTO `rp_notify_record_log` VALUES ('e71b1afacfdb4c0ba1400349f4c625e6', '0', '2017-12-28 23:45:51', '2017-12-28 23:45:51', '09ee8c5ac9234e1d8596b27dc73ea19b', 'http://192.168.25.204:8083/roncoo-pay-web-sample-shop/roncooPayNotify/notify?field1=field1&field2=field2&field3=field3&field4=field4&field5=field5&orderDate=20180329&orderNo=pt102018032915075004&orderPrice=10.000000&orderTime=20180329150750&payKey=4c52295065654407b42797cda80dd07d&payWayCode=TEST_PAY_HTTP_CLIENT&productName=SHANGPINGMINGCHENG&remark=ZHIFUBEIZHU&tradeStatus=SUCCESS&sign=FC502CCBF62B6624662A6B2EC53B1DC3', '', '88882016071900000003', 'pt102018032915075004', '200');
INSERT INTO `rp_notify_record_log` VALUES ('e802eab2095c4a4c8e8c60ac11b9bcd2', '0', '2017-12-28 23:45:51', '2017-12-28 23:45:51', '739499ea32ab4031adf8eb68f331b4d4', 'http://192.168.25.204:8083/roncoo-pay-web-sample-shop/roncooPayNotify/notify?field1=field1&field2=field2&field3=field3&field4=field4&field5=field5&orderDate=20180329&orderNo=pt102018032915075207&orderPrice=10.000000&orderTime=20180329150752&payKey=4c52295065654407b42797cda80dd07d&payWayCode=TEST_PAY_HTTP_CLIENT&productName=SHANGPINGMINGCHENG&remark=ZHIFUBEIZHU&tradeStatus=SUCCESS&sign=2227699E9C923AF0F07C9E7137CF0573', '', '88882016071900000003', 'pt102018032915075207', '200');
INSERT INTO `rp_notify_record_log` VALUES ('e8141026c58e436ab4218f5705ae2f8e', '0', '2017-12-28 23:41:51', '2017-12-28 23:41:51', '81f571bc25694f81adc1f2df9f4a9ee1', 'http://192.168.25.204:8083/roncoo-pay-web-sample-shop/roncooPayNotify/notify?field1=field1&field2=field2&field3=field3&field4=field4&field5=field5&orderDate=20180329&orderNo=pt102018032915075003&orderPrice=10.000000&orderTime=20180329150750&payKey=4c52295065654407b42797cda80dd07d&payWayCode=TEST_PAY_HTTP_CLIENT&productName=SHANGPINGMINGCHENG&remark=ZHIFUBEIZHU&tradeStatus=SUCCESS&sign=44BA2AE8F827D534CE85D26A21F859A5', '', '88882016071900000003', 'pt102018032915075003', '-1');
INSERT INTO `rp_notify_record_log` VALUES ('ea5244247ada4e16ae3d7496e5e7464d', '0', '2017-12-28 23:31:51', '2017-12-28 23:31:51', '84836d5fb3e641288718623f161d815e', 'http://192.168.25.204:8083/roncoo-pay-web-sample-shop/roncooPayNotify/notify?field1=field1&field2=field2&field3=field3&field4=field4&field5=field5&orderDate=20180329&orderNo=pt102018032915075105&orderPrice=10.000000&orderTime=20180329150751&payKey=4c52295065654407b42797cda80dd07d&payWayCode=TEST_PAY_HTTP_CLIENT&productName=SHANGPINGMINGCHENG&remark=ZHIFUBEIZHU&tradeStatus=SUCCESS&sign=8694E178414822B69649358EDDA52817', '', '88882016071900000003', 'pt102018032915075105', '-1');
INSERT INTO `rp_notify_record_log` VALUES ('ea86f01923b7414681eed7ac35022d89', '0', '2017-12-28 23:41:51', '2017-12-28 23:41:51', '739499ea32ab4031adf8eb68f331b4d4', 'http://192.168.25.204:8083/roncoo-pay-web-sample-shop/roncooPayNotify/notify?field1=field1&field2=field2&field3=field3&field4=field4&field5=field5&orderDate=20180329&orderNo=pt102018032915075207&orderPrice=10.000000&orderTime=20180329150752&payKey=4c52295065654407b42797cda80dd07d&payWayCode=TEST_PAY_HTTP_CLIENT&productName=SHANGPINGMINGCHENG&remark=ZHIFUBEIZHU&tradeStatus=SUCCESS&sign=2227699E9C923AF0F07C9E7137CF0573', '', '88882016071900000003', 'pt102018032915075207', '-1');
INSERT INTO `rp_notify_record_log` VALUES ('ebaa5f1b3215488c89227f9c7f1db2d2', '0', '2017-12-28 23:36:51', '2017-12-28 23:36:51', '2d71d9c33c0740f1bae794de3c293f4e', 'http://192.168.25.204:8083/roncoo-pay-web-sample-shop/roncooPayNotify/notify?field1=field1&field2=field2&field3=field3&field4=field4&field5=field5&orderDate=20180329&orderNo=pt102018032915074700&orderPrice=10.000000&orderTime=20180329150747&payKey=4c52295065654407b42797cda80dd07d&payWayCode=TEST_PAY_HTTP_CLIENT&productName=SHANGPINGMINGCHENG&remark=ZHIFUBEIZHU&tradeStatus=SUCCESS&sign=9C91354FA0C9DA6CFFA10612F59C5185', '', '88882016071900000003', 'pt102018032915074700', '-1');
INSERT INTO `rp_notify_record_log` VALUES ('ee323216431449f2a2f6e6547002abad', '0', '2017-12-28 23:41:51', '2017-12-28 23:41:51', '5d11348e852045c9a144da72c2b56138', 'http://192.168.25.204:8083/roncoo-pay-web-sample-shop/roncooPayNotify/notify?field1=field1&field2=field2&field3=field3&field4=field4&field5=field5&orderDate=20180329&orderNo=pt102018032915075308&orderPrice=10.000000&orderTime=20180329150753&payKey=4c52295065654407b42797cda80dd07d&payWayCode=TEST_PAY_HTTP_CLIENT&productName=SHANGPINGMINGCHENG&remark=ZHIFUBEIZHU&tradeStatus=SUCCESS&sign=A794AD2E38C5A07B3289BE09A673B516', '', '88882016071900000003', 'pt102018032915075308', '-1');
INSERT INTO `rp_notify_record_log` VALUES ('f0f7ee0f7a3848d5863153116896be8e', '0', '2017-12-28 23:36:51', '2017-12-28 23:36:51', '2bfa3bb705e046b98815c6802baa2a99', 'http://192.168.25.204:8083/roncoo-pay-web-sample-shop/roncooPayNotify/notify?field1=field1&field2=field2&field3=field3&field4=field4&field5=field5&orderDate=20180329&orderNo=pt112018032915075207&orderPrice=10.000000&orderTime=20180329150752&payKey=abcf900288114d5fa7fde764966eb2ff&payWayCode=TEST_PAY_HTTP_CLIENT&productName=SHANGPINGMINGCHENG&remark=ZHIFUBEIZHU&tradeStatus=SUCCESS&sign=33B043C4F1E971EA23C7A9DEF22FBAF8', '', '88882016072200000005', 'pt112018032915075207', '-1');
INSERT INTO `rp_notify_record_log` VALUES ('f48c1f01961d4265ab7ca9f4c88fe9b4', '0', '2017-12-28 23:03:40', '2017-12-28 23:03:40', '79ee9c7a13e843dbad2eba70dcddc5df', 'http://192.168.25.204:8083/roncoo-pay-web-sample-shop/roncooPayNotify/notify?field1=field1&field2=field2&field3=field3&field4=field4&field5=field5&orderDate=20180329&orderNo=pt102018032914394000&orderPrice=10.000000&orderTime=20180329143940&payKey=4c52295065654407b42797cda80dd07d&payWayCode=TEST_PAY_HTTP_CLIENT&productName=SHANGPINGMINGCHENG&remark=ZHIFUBEIZHU&tradeStatus=SUCCESS&sign=38196A0113952E79B5B11224F17E38F0', '', '88882016071900000003', 'pt102018032914394000', '200');
INSERT INTO `rp_notify_record_log` VALUES ('f62d9304e7334c778ed0308a79bcb7ce', '0', '2017-12-28 23:45:51', '2017-12-28 23:45:51', '8dd0fd52565d4790a3cbee315544254e', 'http://192.168.25.204:8083/roncoo-pay-web-sample-shop/roncooPayNotify/notify?field1=field1&field2=field2&field3=field3&field4=field4&field5=field5&orderDate=20180329&orderNo=pt102018032915075206&orderPrice=10.000000&orderTime=20180329150752&payKey=4c52295065654407b42797cda80dd07d&payWayCode=TEST_PAY_HTTP_CLIENT&productName=SHANGPINGMINGCHENG&remark=ZHIFUBEIZHU&tradeStatus=SUCCESS&sign=746A26336581C017D9CA2B74A964398A', '', '88882016071900000003', 'pt102018032915075206', '200');
INSERT INTO `rp_notify_record_log` VALUES ('fa52cb560a71407fa1a2f37a4ffe82ac', '0', '2017-12-28 23:31:52', '2017-12-28 23:31:52', '74c24c9c5f6e4558bb06010bd16415b8', 'http://192.168.25.204:8083/roncoo-pay-web-sample-shop/roncooPayNotify/notify?field1=field1&field2=field2&field3=field3&field4=field4&field5=field5&orderDate=20180329&orderNo=pt112018032915075308&orderPrice=10.000000&orderTime=20180329150753&payKey=abcf900288114d5fa7fde764966eb2ff&payWayCode=TEST_PAY_HTTP_CLIENT&productName=SHANGPINGMINGCHENG&remark=ZHIFUBEIZHU&tradeStatus=SUCCESS&sign=94E7D6EC0784146AC686BB8620F742A9', '', '88882016072200000005', 'pt112018032915075308', '-1');
INSERT INTO `rp_notify_record_log` VALUES ('fb3dc1eb3877480e93a7b9d69a1a15fa', '0', '2017-12-28 23:45:51', '2017-12-28 23:45:51', '4875e6dcc7fd41e5a11590d7c6dd3050', 'http://192.168.25.204:8083/roncoo-pay-web-sample-shop/roncooPayNotify/notify?field1=field1&field2=field2&field3=field3&field4=field4&field5=field5&orderDate=20180329&orderNo=pt1120180329150754010&orderPrice=10.000000&orderTime=20180329150754&payKey=abcf900288114d5fa7fde764966eb2ff&payWayCode=TEST_PAY_HTTP_CLIENT&productName=SHANGPINGMINGCHENG&remark=ZHIFUBEIZHU&tradeStatus=SUCCESS&sign=BBC3CEE8A026A117E4D8D801A33EA598', '', '88882016072200000005', 'pt1120180329150754010', '200');
INSERT INTO `rp_notify_record_log` VALUES ('fd7cdc4fec4e426f922f3d22501adf2a', '0', '2017-12-28 23:38:51', '2017-12-28 23:38:51', '5d11348e852045c9a144da72c2b56138', 'http://192.168.25.204:8083/roncoo-pay-web-sample-shop/roncooPayNotify/notify?field1=field1&field2=field2&field3=field3&field4=field4&field5=field5&orderDate=20180329&orderNo=pt102018032915075308&orderPrice=10.000000&orderTime=20180329150753&payKey=4c52295065654407b42797cda80dd07d&payWayCode=TEST_PAY_HTTP_CLIENT&productName=SHANGPINGMINGCHENG&remark=ZHIFUBEIZHU&tradeStatus=SUCCESS&sign=A794AD2E38C5A07B3289BE09A673B516', '', '88882016071900000003', 'pt102018032915075308', '-1');
INSERT INTO `rp_notify_record_log` VALUES ('fe5d8861c5824a98b928aa4b5512b3e3', '0', '2017-12-28 23:45:51', '2017-12-28 23:45:51', '81f571bc25694f81adc1f2df9f4a9ee1', 'http://192.168.25.204:8083/roncoo-pay-web-sample-shop/roncooPayNotify/notify?field1=field1&field2=field2&field3=field3&field4=field4&field5=field5&orderDate=20180329&orderNo=pt102018032915075003&orderPrice=10.000000&orderTime=20180329150750&payKey=4c52295065654407b42797cda80dd07d&payWayCode=TEST_PAY_HTTP_CLIENT&productName=SHANGPINGMINGCHENG&remark=ZHIFUBEIZHU&tradeStatus=SUCCESS&sign=44BA2AE8F827D534CE85D26A21F859A5', '', '88882016071900000003', 'pt102018032915075003', '200');

-- ----------------------------
-- Table structure for rp_pay_product
-- ----------------------------
DROP TABLE IF EXISTS `rp_pay_product`;
CREATE TABLE `rp_pay_product` (
  `id` varchar(50) NOT NULL,
  `create_time` datetime NOT NULL,
  `edit_time` datetime DEFAULT NULL,
  `version` bigint(20) NOT NULL,
  `status` varchar(36) NOT NULL,
  `product_code` varchar(50) NOT NULL COMMENT '支付产品编号',
  `product_name` varchar(200) NOT NULL COMMENT '支付产品名称',
  `audit_status` varchar(45) DEFAULT NULL,
  PRIMARY KEY (`id`)
) ENGINE=InnoDB DEFAULT CHARSET=utf8 COMMENT='支付产品表';

-- ----------------------------
-- Records of rp_pay_product
-- ----------------------------
INSERT INTO `rp_pay_product` VALUES ('5ac23e853c454edcb2bf51624bdbc194', '2016-07-19 17:53:12', '2016-07-19 17:58:21', '0', 'ACTIVE', 'RonCooPay', '龙果支付', 'YES');
INSERT INTO `rp_pay_product` VALUES ('7e496b1206714527863fa2cf3f836db5', '2016-07-19 18:51:38', '2016-07-21 16:39:58', '0', 'ACTIVE', 'RC', 'RC', 'YES');
INSERT INTO `rp_pay_product` VALUES ('ec7502bbf1894cb69ede121433594285', '2016-09-17 18:08:50', '2016-09-17 18:09:16', '0', 'UNACTIVE', 'BBB', 'BBB', 'NO');

-- ----------------------------
-- Table structure for rp_pay_way
-- ----------------------------
DROP TABLE IF EXISTS `rp_pay_way`;
CREATE TABLE `rp_pay_way` (
  `ID` varchar(50) NOT NULL COMMENT 'ID',
  `version` bigint(20) NOT NULL DEFAULT '0' COMMENT 'version',
  `create_time` datetime NOT NULL COMMENT '创建时间',
  `edit_time` datetime DEFAULT NULL COMMENT '修改时间',
  `pay_way_code` varchar(50) NOT NULL COMMENT '支付方式编号',
  `pay_way_name` varchar(100) NOT NULL COMMENT '支付方式名称',
  `pay_type_code` varchar(50) NOT NULL COMMENT '支付类型编号',
  `pay_type_name` varchar(100) NOT NULL COMMENT '支付类型名称',
  `pay_product_code` varchar(50) DEFAULT NULL COMMENT '支付产品编号',
  `status` varchar(36) NOT NULL COMMENT '状态(100:正常状态,101非正常状态)',
  `sorts` int(11) DEFAULT '1000' COMMENT '排序(倒序排序,默认值1000)',
  `pay_rate` double NOT NULL COMMENT '商户支付费率',
  PRIMARY KEY (`ID`)
) ENGINE=InnoDB DEFAULT CHARSET=utf8 COMMENT='支付方式';

-- ----------------------------
-- Records of rp_pay_way
-- ----------------------------
INSERT INTO `rp_pay_way` VALUES ('1431d5a280fc4c51afcfbca9f32822d8', '0', '2016-07-19 17:53:52', null, 'WEIXIN', '微信', 'SCANPAY', '扫码支付', 'RonCooPay', 'ACTIVE', null, '0.8');
INSERT INTO `rp_pay_way` VALUES ('3ee734a9ed68405c89ead08683cad6c7', '0', '2016-09-17 18:09:05', '2016-09-17 18:09:10', 'TEST_PAY', '测试模拟支付', 'TEST_PAY', '测试模拟支付', 'BBB', 'UNACTIVE', null, '9');
INSERT INTO `rp_pay_way` VALUES ('a4af58b75b3e40c4bd38ac647e27800f', '0', '2016-07-19 18:51:52', null, 'TEST_PAY', '测试模拟支付', 'TEST_PAY', '测试模拟支付', 'RC', 'ACTIVE', null, '0.8');
INSERT INTO `rp_pay_way` VALUES ('c5cdda3d8f1e47bca9ac96ffb2ea17b1', '0', '2016-07-19 17:54:16', '2016-07-19 17:54:25', 'ALIPAY', '支付宝', 'DIRECT_PAY', '即时到账', 'RonCooPay', 'ACTIVE', null, '0.8');
INSERT INTO `rp_pay_way` VALUES ('db522b1446ff4dc2bd6fcd73bc1f3423', '0', '2016-07-21 16:39:51', null, 'TEST_PAY_HTTP_CLIENT', '测试模拟httpclient支付', 'TEST_PAY_HTTP_CLIENT', '测试模拟httpclient支付', 'RC', 'ACTIVE', null, '0.8');
INSERT INTO `rp_pay_way` VALUES ('dcda9a88435e47b3b6d24df2c6358be1', '0', '2016-07-19 18:52:41', null, 'ALIPAY', '支付宝', 'DIRECT_PAY', '即时到账', 'RC', 'ACTIVE', null, '0.8');
INSERT INTO `rp_pay_way` VALUES ('ff242c5f9c3e4ea7a857860e57f6ddd4', '0', '2016-07-19 18:52:29', null, 'WEIXIN', '微信', 'SCANPAY', '扫码支付', 'RC', 'ACTIVE', null, '0.8');

-- ----------------------------
-- Table structure for rp_user_info
-- ----------------------------
DROP TABLE IF EXISTS `rp_user_info`;
CREATE TABLE `rp_user_info` (
  `id` varchar(50) NOT NULL,
  `create_time` datetime NOT NULL,
  `status` varchar(36) NOT NULL,
  `user_no` varchar(50) DEFAULT NULL,
  `user_name` varchar(100) DEFAULT NULL,
  `account_no` varchar(50) NOT NULL,
  PRIMARY KEY (`id`),
  UNIQUE KEY `AK_Key_2` (`account_no`)
) ENGINE=InnoDB DEFAULT CHARSET=utf8 COMMENT='该表用来存放用户的基本信息';

-- ----------------------------
-- Records of rp_user_info
-- ----------------------------
INSERT INTO `rp_user_info` VALUES ('0101ff47cd1f43a5b6a52144e9a78e30', '2016-07-24 20:20:26', 'ACTIVE', '88882016072400000006', 'hpt', '99992016072400000006');
INSERT INTO `rp_user_info` VALUES ('0764455933ce43a093bbe0f60867ee91', '2016-07-22 15:56:26', 'ACTIVE', '88882016072200000005', 'Along', '99992016072200000005');
INSERT INTO `rp_user_info` VALUES ('18fee8f2fafe4251a5aa2e95e30dc126', '2016-07-21 01:06:51', 'ACTIVE', '88882016072100000004', 'wusc', '99992016072100000004');
INSERT INTO `rp_user_info` VALUES ('64b098ee76574c5681710b47d10bcd64', '2016-07-24 20:21:45', 'ACTIVE', '88882016072400000007', 'leslie', '99992016072400000007');
INSERT INTO `rp_user_info` VALUES ('c48f5ac8024a4547878b5708b311215c', '2016-07-19 16:55:09', 'ACTIVE', '88882016071900000003', 'roncoo', '99992016071900000003');

-- ----------------------------
-- Table structure for rp_user_pay_config
-- ----------------------------
DROP TABLE IF EXISTS `rp_user_pay_config`;
CREATE TABLE `rp_user_pay_config` (
  `id` varchar(50) NOT NULL,
  `create_time` datetime NOT NULL,
  `edit_time` datetime DEFAULT NULL,
  `version` bigint(20) NOT NULL,
  `remark` varchar(200) DEFAULT NULL,
  `status` varchar(36) NOT NULL,
  `audit_status` varchar(45) DEFAULT NULL,
  `is_auto_sett` varchar(36) NOT NULL DEFAULT 'NO',
  `product_code` varchar(50) NOT NULL COMMENT '支付产品编号',
  `product_name` varchar(200) NOT NULL COMMENT '支付产品名称',
  `user_no` varchar(50) DEFAULT NULL,
  `user_name` varchar(100) DEFAULT NULL,
  `risk_day` int(11) DEFAULT NULL,
  `pay_key` varchar(50) DEFAULT NULL,
  `fund_into_type` varchar(50) DEFAULT NULL,
  `pay_secret` varchar(50) DEFAULT NULL,
  PRIMARY KEY (`id`)
) ENGINE=InnoDB DEFAULT CHARSET=utf8 COMMENT='支付设置表';

-- ----------------------------
-- Records of rp_user_pay_config
-- ----------------------------
INSERT INTO `rp_user_pay_config` VALUES ('2a7f8f1c8ebf4379a42a6f88b8b8bc56', '2016-07-22 15:57:40', null, '0', null, 'ACTIVE', 'YES', 'NO', 'RC', 'RC', '88882016072100000004', 'wusc', '1', '8ba459f55ff04f39b0128a3cb4a48f2b', 'PLAT_RECEIVES', '3e2ca2eb1f024570b241d65eb4832c37');
INSERT INTO `rp_user_pay_config` VALUES ('3eef704ce6ef4f27b39f8b9ba1af71e4', '2016-07-24 20:22:48', null, '0', null, 'ACTIVE', 'YES', 'NO', 'RC', 'RC', '88882016072400000007', 'leslie', '1', '93d1ea2f9f3b448994f39d6efc7746ef', 'PLAT_RECEIVES', 'fad7ea79810c4af7a973c091aa7c6143');
INSERT INTO `rp_user_pay_config` VALUES ('8d5a1884969a4bf68dc9c19b7a0bdc18', '2016-07-22 15:56:57', null, '0', null, 'ACTIVE', 'YES', 'NO', 'RC', 'RC', '88882016072200000005', 'Along', '1', 'abcf900288114d5fa7fde764966eb2ff', 'PLAT_RECEIVES', 'd94d7c2d56eb4b06828cf746c8be17e6');
INSERT INTO `rp_user_pay_config` VALUES ('c101c24326554b848f0f497234f129d7', '2016-07-19 17:59:38', '2016-07-21 16:40:17', '0', null, 'ACTIVE', 'YES', 'NO', 'RC', 'RC', '88882016071900000003', 'roncoo', '1', '4c52295065654407b42797cda80dd07d', 'PLAT_RECEIVES', '6606353e0dab4f7b9a723f2d3e3276b7');
INSERT INTO `rp_user_pay_config` VALUES ('e510d10eed13497d9fafb492688d09d3', '2016-07-24 20:23:11', null, '0', null, 'ACTIVE', 'YES', 'NO', 'RC', 'RC', '88882016072400000006', 'hpt', '1', 'ca6577dff6d647ac882dfb405ceda21e', 'PLAT_RECEIVES', '1b8da6c9b7544856955fcff6bf920f84');

-- ----------------------------
-- Table structure for rp_user_pay_info
-- ----------------------------
DROP TABLE IF EXISTS `rp_user_pay_info`;
CREATE TABLE `rp_user_pay_info` (
  `id_` varchar(50) NOT NULL,
  `create_time` datetime NOT NULL,
  `edit_time` datetime DEFAULT NULL,
  `version` bigint(20) NOT NULL,
  `remark` varchar(200) DEFAULT NULL,
  `status` varchar(36) NOT NULL,
  `app_id` varchar(50) NOT NULL,
  `app_sectet` varchar(100) DEFAULT NULL,
  `merchant_id` varchar(50) DEFAULT NULL,
  `app_type` varchar(50) DEFAULT NULL,
  `user_no` varchar(50) DEFAULT NULL,
  `user_name` varchar(100) DEFAULT NULL,
  `partner_key` varchar(100) DEFAULT NULL,
  `pay_way_code` varchar(50) NOT NULL COMMENT '支付方式编号',
  `pay_way_name` varchar(100) NOT NULL COMMENT '支付方式名称',
  PRIMARY KEY (`id_`)
) ENGINE=InnoDB DEFAULT CHARSET=utf8 COMMENT='该表用来存放用户开通的第三方支付信息';

-- ----------------------------
-- Records of rp_user_pay_info
-- ----------------------------
INSERT INTO `rp_user_pay_info` VALUES ('04a257f258f74d4eb8a2182b627a199f', '2016-07-24 20:22:48', null, '0', null, 'ACTIVE', '', null, '', null, '88882016072400000007', 'leslie', '', 'WEIXIN', '微信');
INSERT INTO `rp_user_pay_info` VALUES ('1834040201214f9a8ca0557045fc7c72', '2016-07-24 20:23:11', null, '0', null, 'ACTIVE', '', null, '', null, '88882016072400000006', 'hpt', '', 'ALIPAY', '支付宝');
INSERT INTO `rp_user_pay_info` VALUES ('45ecd39829cb4c009ad9c5a1153cbd57', '2016-07-22 15:56:57', null, '0', null, 'ACTIVE', '', null, '', null, '88882016072200000005', 'Along', '', 'WEIXIN', '微信');
INSERT INTO `rp_user_pay_info` VALUES ('4821fb3f63db4f58a0fc75a91a38bc04', '2016-07-22 15:57:40', null, '0', null, 'ACTIVE', '', null, '', null, '88882016072100000004', 'wusc', '', 'WEIXIN', '微信');
INSERT INTO `rp_user_pay_info` VALUES ('4ee1f39ecb0544e792ef5d5df6ec6fb2', '2016-07-24 20:23:11', null, '0', null, 'ACTIVE', '', null, '', null, '88882016072400000006', 'hpt', '', 'WEIXIN', '微信');
INSERT INTO `rp_user_pay_info` VALUES ('52bca84256154c588d2952b34a68dad4', '2016-07-22 15:56:57', null, '0', null, 'ACTIVE', '', null, '', null, '88882016072200000005', 'Along', '', 'ALIPAY', '支付宝');
INSERT INTO `rp_user_pay_info` VALUES ('8a23a87d6afb425cb8974110bb015f06', '2016-07-22 15:57:40', null, '0', null, 'ACTIVE', '', null, '', null, '88882016072100000004', 'wusc', '', 'ALIPAY', '支付宝');
INSERT INTO `rp_user_pay_info` VALUES ('8f3064039e8241029b71be1b8a9be7ce', '2016-07-19 17:59:38', '2016-07-21 16:40:17', '0', null, 'ACTIVE', '', null, '', null, '88882016071900000003', 'roncoo', '', 'ALIPAY', '支付宝');
INSERT INTO `rp_user_pay_info` VALUES ('981cd025a111452cafb9c103c5df0f9d', '2016-07-24 20:22:48', null, '0', null, 'ACTIVE', '', null, '', null, '88882016072400000007', 'leslie', '', 'ALIPAY', '支付宝');
INSERT INTO `rp_user_pay_info` VALUES ('d6ecaedb883149a28356d2510b711793', '2016-07-19 17:59:38', '2016-07-21 16:40:17', '0', null, 'ACTIVE', '', null, '', null, '88882016071900000003', 'roncoo', '', 'WEIXIN', '微信');

-- ----------------------------
-- Table structure for seq_table
-- ----------------------------
DROP TABLE IF EXISTS `seq_table`;
CREATE TABLE `seq_table` (
  `SEQ_NAME` varchar(50) NOT NULL,
  `CURRENT_VALUE` bigint(20) NOT NULL DEFAULT '1000000002',
  `INCREMENT` smallint(6) NOT NULL DEFAULT '1',
  `REMARK` varchar(100) NOT NULL DEFAULT '',
  PRIMARY KEY (`SEQ_NAME`)
) ENGINE=InnoDB DEFAULT CHARSET=utf8;

-- ----------------------------
-- Records of seq_table
-- ----------------------------
INSERT INTO `seq_table` VALUES ('ACCOUNT_NO_SEQ', '1000000007', '1', '账户--账户编号');
INSERT INTO `seq_table` VALUES ('USER_NO_SEQ', '1000000007', '1', '用户--用户编号');

-- ----------------------------
-- Function structure for FUN_DATE_ADD
-- ----------------------------
DROP FUNCTION IF EXISTS `FUN_DATE_ADD`;
DELIMITER ;;
CREATE DEFINER=`root`@`%` FUNCTION `FUN_DATE_ADD`(STR_DATE VARCHAR(10), STR_INTERVAL INTEGER) RETURNS date
BEGIN
     RETURN date_add(STR_DATE, INTERVAL STR_INTERVAL DAY);
END
;;
DELIMITER ;

-- ----------------------------
-- Function structure for FUN_NOW
-- ----------------------------
DROP FUNCTION IF EXISTS `FUN_NOW`;
DELIMITER ;;
CREATE DEFINER=`root`@`%` FUNCTION `FUN_NOW`() RETURNS datetime
BEGIN 
		RETURN now();
END
;;
DELIMITER ;

-- ----------------------------
-- Function structure for FUN_SEQ
-- ----------------------------
DROP FUNCTION IF EXISTS `FUN_SEQ`;
DELIMITER ;;
CREATE DEFINER=`root`@`%` FUNCTION `FUN_SEQ`(SEQ VARCHAR(50)) RETURNS bigint(20)
BEGIN
     UPDATE SEQ_TABLE
     SET CURRENT_VALUE = CURRENT_VALUE + INCREMENT
     WHERE  SEQ_NAME=SEQ;
     RETURN FUN_SEQ_CURRENT_VALUE(SEQ);
END
;;
DELIMITER ;

-- ----------------------------
-- Function structure for FUN_SEQ_CURRENT_VALUE
-- ----------------------------
DROP FUNCTION IF EXISTS `FUN_SEQ_CURRENT_VALUE`;
DELIMITER ;;
CREATE DEFINER=`root`@`%` FUNCTION `FUN_SEQ_CURRENT_VALUE`(SEQ VARCHAR(50)) RETURNS bigint(20)
BEGIN
    DECLARE VALUE INTEGER;
    SET VALUE=0;
    SELECT CURRENT_VALUE INTO VALUE
    FROM SEQ_TABLE 
    WHERE SEQ_NAME=SEQ;
    RETURN VALUE;
END
;;
DELIMITER ;

-- ----------------------------
-- Function structure for FUN_SEQ_SET_VALUE
-- ----------------------------
DROP FUNCTION IF EXISTS `FUN_SEQ_SET_VALUE`;
DELIMITER ;;
CREATE DEFINER=`root`@`%` FUNCTION `FUN_SEQ_SET_VALUE`(SEQ VARCHAR(50), VALUE INTEGER) RETURNS bigint(20)
BEGIN
     UPDATE SEQ_TABLE 
     SET CURRENT_VALUE=VALUE
     WHERE SEQ_NAME=SEQ;
     RETURN FUN_SEQ_CURRENT_VALUE(SEQ);
END
;;
DELIMITER ;
